total,2894
comportart,1
religi,1
jsyk,1
roll,1
junto,1
rossgel,1
shitti,1
nowplai,1
luxuri,1
jet,1
canoodl,1
diga,1
subid,1
pheebi,1
uhhh,1
answer,1
torijgr,1
palma,1
liambowi,1
cafe,1
looong,1
nobonezsmith,1
comedia,1
truck,1
nen,1
nem,1
piso,1
raxo,1
bestthingeverrrr,1
vatillo,1
horni,1
yesterdai,1
geldim,1
hermano,1
cutest,1
warner,1
seguir,1
hangin,1
looool,1
porta,1
happier,1
nfl,1
pitt,1
loooov,1
pito,1
comprometen,1
hermana,1
demostr,1
spiderman,1
guest,1
zona,1
serbgoinham,1
zone,1
flatlei,1
marcu,1
jaa,1
cabl,1
spoken,1
charlott,1
fbi,1
jau,1
basic,1
jar,1
grgyminp,1
motion,1
jaj,1
missmalini,1
jai,1
hahaa,1
leyendo,1
jugar,1
explico,1
resist,1
parachut,1
fag,1
knake,1
tanto,1
prattprattpratt,1
rce,1
wheeler,1
andresb,1
siguiendo,1
organizo,1
direc,1
nar,1
steven,1
gottimefor,1
skinni,1
matrimonio,1
possibli,1
meggmackk,1
asiento,1
verga,1
mightaswellbetwin,1
meio,1
bababoo,1
tort,1
nat,1
sandypanth,1
ozww,1
rociomsjc,1
apartamento,1
anglerrrr,1
kbhello,1
obviou,1
bsure,1
sesam,1
supermodel,1
hasta,1
fingia,1
honei,1
blackish,1
meno,1
ron,1
health,1
jenikak,1
rod,1
charliemoor,1
omigod,1
theepicjmo,1
hnmkb,1
dairi,1
toda,1
tanga,1
abigailcurri,1
idiota,1
sarmanzo,1
alanl,1
road,1
puedo,1
baltimor,1
joi,1
endless,1
easili,1
nowwatch,1
fiction,1
jacksonvil,1
onmvrbb,1
thoughh,1
nasal,1
njoi,1
liladub,1
pedida,1
tener,1
empti,1
fiddleheadbangr,1
darth,1
lembra,1
offic,1
club,1
guitar,1
kkkk,1
nose,1
lifetim,1
dupla,1
maan,1
quadro,1
penni,1
lastnight,1
awiwai,1
vivaladreavi,1
beast,1
anita,1
retreat,1
skyatlant,1
roxa,1
rare,1
xdd,1
nella,1
adoooro,1
laureneisenhart,1
liter,1
duringsexthought,1
chandeli,1
vail,1
qnll,1
finger,1
stevencarrol,1
voulaient,1
mera,1
topgear,1
avslutn,1
utaatnyk,1
cranki,1
festejan,1
jodi,1
rate,1
intl,1
cocina,1
rato,1
hermion,1
develop,1
fluffypinkystar,1
rip,1
scottish,1
hint,1
offer,1
benifit,1
ilovewestlif,1
cereal,1
rim,1
oldepisod,1
maai,1
gettingit,1
beard,1
roug,1
mathewperri,1
ignaciovd,1
amigo,1
joeytribiani,1
escuchar,1
mundosopuesto,1
horribl,1
desenho,1
kobi,1
nikkiarriazu,1
xiii,1
drink,1
ess,1
friendstv,1
enterpr,1
tutto,1
isn,1
hubiera,1
advantag,1
savyri,1
piec,1
gtmwq,1
fhgrg,1
liabil,1
conoci,1
pido,1
reganannham,1
pide,1
rui,1
press,1
sexdreamdiari,1
oklahoma,1
soltar,1
marcel,1
ajudar,1
slower,1
deber,1
sore,1
truth,1
emilysheenx,1
andreruasfalcao,1
worker,1
chickenn,1
buffalo,1
pinch,1
vaya,1
olacagi,1
celeb,1
exactli,1
sentido,1
charm,1
charg,1
mucha,1
repeatedli,1
phebe,1
areeshav,1
vermont,1
deathbring,1
cheeki,1
cantando,1
menino,1
cari,1
preciosa,1
vist,1
rte,1
scari,1
caso,1
pegada,1
emili,1
brittifac,1
femal,1
legal,1
riahamel,1
nsa,1
www,1
estefan,1
irm,1
era,1
mechellei,1
didnt,1
iri,1
nairnemc,1
child,1
televi,1
vera,1
kotascollen,1
wwf,1
kekonyolan,1
jeito,1
dilanjut,1
pdup,1
qjnklueb,1
todosqueremosserjoei,1
commentari,1
coincidencia,1
chili,1
esa,1
awww,1
replai,1
alarm,1
rodvercetti,1
riendo,1
replac,1
mitico,1
daylight,1
chanc,1
rped,1
stare,1
shanno,1
dancesxd,1
jasmin,1
slept,1
morgan,1
howyoudoin,1
ping,1
ecco,1
ukiprieto,1
instalaron,1
gghqwcv,1
cozuf,1
ell,1
jose,1
josh,1
noo,1
penita,1
comprom,1
marzipan,1
non,1
cans,1
vilken,1
mano,1
conclusion,1
mime,1
carcajada,1
filth,1
emi,1
backward,1
guysinglass,1
weber,1
phzo,1
eeeess,1
fighter,1
alabamapolit,1
spoiler,1
resto,1
suya,1
beeee,1
vend,1
jemma,1
rituitan,1
moosewithagoos,1
seriament,1
personaggio,1
estaba,1
beach,1
egg,1
skip,1
recuerdo,1
mass,1
cait,1
realiz,1
fund,1
albuquerqu,1
towi,1
vrai,1
flormilon,1
ehh,1
ousgqwrj,1
yell,1
wrm,1
media,1
escala,1
thrash,1
nmorigea,1
wow,1
wierd,1
pitter,1
ergun,1
switzerland,1
definitavament,1
chica,1
cheerforariana,1
idontlikeit,1
reppin,1
iknowwhereitisnow,1
alguna,1
addition,1
teach,1
tenso,1
acuerdo,1
iyiydi,1
nin,1
thecutofya,1
kfok,1
kim,1
hannahncak,1
higher,1
postlar,1
disco,1
nevergetsold,1
kit,1
sobr,1
rive,1
ohthehilar,1
llorando,1
crgmcm,1
editor,1
menna,1
neet,1
titan,1
oreo,1
soap,1
view,1
explain,1
chuck,1
squishli,1
alleyizzi,1
uydjdajh,1
emotivo,1
coleslaw,1
jessicaaa,1
sang,1
girlfriend,1
paula,1
sit,1
ohclariss,1
sir,1
sip,1
ikhwan,1
sin,1
woah,1
sim,1
emon,1
pooper,1
siestecilla,1
fuckrocketqueen,1
peful,1
yangqui,1
kei,1
cleveland,1
doctor,1
poli,1
pipocacafecinem,1
lxoxo,1
nuevo,1
operarlo,1
shouldn,1
mvga,1
sale,1
amorzinho,1
todav,1
armadillo,1
lindsai,1
bethanymulki,1
stali,1
angl,1
pound,1
pong,1
brittana,1
hatethegi,1
area,1
hayaalmumina,1
recuerd,1
matziri,1
jellyfish,1
olvidado,1
feud,1
amnesia,1
personalidad,1
sandwich,1
entera,1
sen,1
sem,1
miriahmascetta,1
fell,1
canddabustii,1
okbyert,1
french,1
council,1
hannaheclark,1
import,1
delenafreakk,1
duno,1
worth,1
moreblueflag,1
centran,1
bamboozl,1
fanboytristan,1
sockbunni,1
gai,1
programm,1
lassen,1
soo,1
museum,1
allah,1
deliveri,1
emotion,1
prima,1
eric,1
awwwwwwwwwwwnt,1
superlaurenlov,1
iban,1
gomezinspiress,1
agenc,1
kissmystrauss,1
aminasiljkov,1
pizzetto,1
ficar,1
closet,1
aril,1
conspira,1
ficam,1
emiliacarolina,1
marriedwithliam,1
joeyyi,1
fashionvictim,1
usual,1
ispeakwestlif,1
mmmh,1
foreveralon,1
differ,1
realchanlag,1
concorda,1
angrysharksturnyouon,1
paxton,1
litman,1
second,1
calzona,1
atlanta,1
socialstef,1
freind,1
seth,1
whenigettoyemancanistaywithy,1
faberri,1
anneryan,1
colleg,1
smelliotsnotti,1
hallierathbun,1
jagger,1
cairotang,1
suck,1
rental,1
stuff,1
sate,1
wan,1
sendo,1
duti,1
snl,1
wax,1
snz,1
subi,1
imnotok,1
wack,1
dejar,1
favarito,1
dejan,1
risa,1
cazzo,1
egcdswbd,1
iflookscouldkil,1
hopeless,1
princ,1
kkk,1
vinsiconicswag,1
definitivament,1
susan,1
forrealthough,1
sma,1
pode,1
rita,1
officiallygt,1
chocolatinagg,1
klausyma,1
ainda,1
fight,1
mrieroismyhero,1
brksedu,1
reverendo,1
zlar,1
sweepov,1
johanbrook,1
endlessli,1
declara,1
thelovatoswag,1
evan,1
feder,1
iilovedemi,1
involv,1
kitchen,1
haga,1
aaubreycarterr,1
afraid,1
dunno,1
split,1
yippekiyai,1
monicayla,1
daughter,1
undress,1
mientra,1
bailando,1
modis,1
babyi,1
alweer,1
flail,1
dejavu,1
mojuba,1
allgreyandchubbynow,1
complexo,1
caught,1
westwingwolf,1
wasnt,1
someofmybest,1
ironi,1
qwgtsywt,1
genio,1
rafa,1
fring,1
vtd,1
nerv,1
pgfksytw,1
reminisc,1
vcsgvble,1
jordannicol,1
goaskfrancesca,1
confes,1
duke,1
stung,1
yumnatarian,1
luuh,1
ketauan,1
white,1
nonsens,1
cocuklari,1
fernanda,1
assoi,1
albingotri,1
jerri,1
mentionto,1
coffel,1
xrainbowenigmax,1
dump,1
perfekt,1
sum,1
mhvm,1
reserv,1
fqp,1
bridg,1
ryan,1
rain,1
cuanto,1
reir,1
michaelscott,1
hmmmm,1
rivisto,1
blink,1
gitzmcg,1
mostra,1
richi,1
txzbbx,1
vxl,1
blind,1
fuert,1
flash,1
accept,1
foo,1
samlyna,1
cual,1
cover,1
freakin,1
birden,1
salem,1
glad,1
ooo,1
pregunto,1
amraz,1
ook,1
rudd,1
fighissima,1
whinei,1
oog,1
director,1
viu,1
despu,1
tgendler,1
aterrorizado,1
seguro,1
mhuxdl,1
guilti,1
hahahahahahahahahaha,1
america,1
kellybean,1
acbj,1
aniv,1
davidg,1
shezgotyouhigh,1
dreamer,1
ort,1
ohhhfriend,1
rent,1
fake,1
joooi,1
akselhenni,1
vla,1
caigo,1
bueno,1
suppos,1
cabeza,1
nbktur,1
snake,1
sammiet,1
fall,1
lugar,1
fala,1
cmoor,1
alicesofield,1
diet,1
twalsh,1
skauda,1
mulher,1
epicamend,1
arummanggi,1
yennjurh,1
fsqgczy,1
salir,1
embarazado,1
humour,1
ruiningeveryth,1
quemo,1
wrastl,1
divorciarm,1
imag,1
luvlyyx,1
coisa,1
eddi,1
bomb,1
wave,1
stitch,1
even,1
zaravgreen,1
llamo,1
allow,1
josee,1
haber,1
beber,1
coffe,1
voi,1
pssh,1
murciano,1
ahahaa,1
feliz,1
york,1
minuto,1
coverag,1
fine,1
vow,1
geoffreymtaylor,1
film,1
voz,1
ergxmlw,1
euphem,1
fill,1
filu,1
duda,1
pronounc,1
particip,1
steel,1
chandlerbingisourk,1
rica,1
wast,1
clarecbrannigan,1
anni,1
thisistoogood,1
annm,1
anna,1
matewperri,1
clap,1
whhhhhy,1
muppet,1
npnoseticket,1
linda,1
panti,1
ofzo,1
timi,1
zfx,1
tribiani,1
thomasowen,1
video,1
jennoar,1
sempr,1
ignor,1
ndan,1
tienen,1
rankin,1
kensleylaw,1
llamars,1
xtfsut,1
neutral,1
panick,1
canadianlad,1
temp,1
sick,1
salvador,1
entir,1
parti,1
tele,1
nail,1
fave,1
wick,1
queen,1
veo,1
dikrjain,1
goodby,1
side,1
emphasis,1
bate,1
hurri,1
erogen,1
psychologi,1
sitio,1
defini,1
barbado,1
hungri,1
hour,1
salari,1
bird,1
hurlei,1
base,1
seduc,1
vea,1
algu,1
hahahhaha,1
onlywayiskorz,1
han,1
obses,1
boa,1
definetli,1
kati,1
rananava,1
boi,1
band,1
prometen,1
qutopp,1
tvfriendsquot,1
alik,1
sarkasm,1
creat,1
billionth,1
hbk,1
carol,1
drkskinbeautie,1
dat,1
elvr,1
sigo,1
sigh,1
heeeei,1
kire,1
ubhlaua,1
incom,1
entranc,1
bile,1
pussai,1
winston,1
europ,1
argentina,1
racheal,1
explicando,1
fari,1
giovannafalcon,1
mollybrownn,1
calendar,1
law,1
acho,1
ethan,1
dancheneri,1
nataliehorrigan,1
pai,1
maevomcdo,1
photo,1
bestfriend,1
ahahhhah,1
sorprenderm,1
bom,1
acid,1
there,1
tashaabristow,1
planner,1
vai,1
sneak,1
jajajaajja,1
gentlemen,1
hel,1
hablar,1
historia,1
highlight,1
cue,1
bbb,1
bbc,1
hoje,1
blown,1
aniston,1
lovelynial,1
ausi,1
respons,1
uzaga,1
isiah,1
defiantli,1
shoot,1
katyjmeu,1
vxmj,1
proof,1
tape,1
depoi,1
quit,1
bxtch,1
aokivan,1
gossip,1
momoneymohous,1
greensboro,1
hawtun,1
tulsai,1
antonio,1
alot,1
propo,1
hermosa,1
cuz,1
helgen,1
vario,1
cut,1
tomhancox,1
snap,1
marriag,1
bff,1
bett,1
toopicki,1
wisdom,1
osea,1
spoon,1
neighbor,1
honest,1
type,1
cyo,1
ple,1
parecida,1
mlere,1
pavo,1
joeycrazyp,1
raelovesfrack,1
muero,1
parecido,1
vhhixtf,1
jugando,1
tripolar,1
sensit,1
matur,1
dwotghkb,1
meant,1
neurorawr,1
tirada,1
bel,1
dinner,1
batman,1
shxxt,1
scotland,1
lydia,1
kapowwww,1
dracolovegood,1
igyt,1
enamorada,1
demai,1
demasiado,1
xxxxx,1
kylieminogu,1
pato,1
arrest,1
seal,1
goodbyemancard,1
east,1
barehungri,1
intenta,1
ycwt,1
pessoa,1
bgp,1
colorado,1
sport,1
davidarquett,1
francisco,1
pic,1
saoul,1
besta,1
pig,1
quoc,1
kkkkkk,1
plan,1
faltan,1
tylerstinnett,1
bestbrotp,1
blond,1
suelta,1
pop,1
jaeeeword,1
kmeuer,1
heett,1
cla,1
seat,1
martreiya,1
prove,1
vote,1
yum,1
lolol,1
blood,1
goodnight,1
ajajajaajajaj,1
quier,1
gaaaaaad,1
clo,1
tambi,1
hunnn,1
swear,1
pelada,1
haushau,1
inolvid,1
nuriajimenez,1
awwwww,1
drunk,1
taayylloorr,1
whore,1
difficult,1
babe,1
aaaahhhhh,1
pml,1
gold,1
subconsci,1
jessbest,1
ironicament,1
beso,1
llorar,1
puppi,1
somethingxd,1
seen,1
mutantedeoculo,1
phfyge,1
primera,1
gave,1
previoustweet,1
saliendo,1
qual,1
col,1
ianhark,1
soooooooooooooo,1
taylor,1
coz,1
ltima,1
closest,1
izvp,1
telli,1
control,1
sorti,1
muuuuuuuuch,1
absurda,1
imagina,1
sofrendo,1
thoughtofbrian,1
bell,1
congeni,1
whoa,1
oooh,1
minutillo,1
kattlouiseperri,1
jgshgdge,1
oooo,1
mainli,1
rutin,1
automat,1
refus,1
grandmoth,1
itsm,1
underwear,1
yeman,1
gdmcflytw,1
pqp,1
thoma,1
cosa,1
satisfactorio,1
botella,1
sundayyyyyyyyyi,1
actuar,1
gra,1
jkmeatda,1
neilcaddi,1
nadador,1
regret,1
wallsonja,1
quer,1
cuplikn,1
kazmatraz,1
nowshow,1
quem,1
dedic,1
specif,1
stealer,1
casar,1
voudrai,1
casan,1
jajajajaja,1
blastfromthepast,1
empiec,1
nighti,1
jayneorourk,1
toledo,1
bro,1
nada,1
impres,1
casei,1
avec,1
gsu,1
bailan,1
uxrgpuiu,1
extra,1
jessejan,1
jolli,1
uppppp,1
unc,1
rselo,1
prefiro,1
disput,1
bingotri,1
gore,1
rachem,1
culpa,1
canci,1
pun,1
karalambo,1
ordenar,1
switch,1
pue,1
simo,1
asdfghjklkjhgfdsa,1
dylankeegan,1
buen,1
convenc,1
whatsrock,1
lmpuqzeo,1
opera,1
imita,1
ball,1
btw,1
phoebeross,1
hnikem,1
pwe,1
anthoni,1
prison,1
troll,1
nicol,1
bud,1
catstat,1
agtagemfair,1
kelli,1
laurencarless,1
cha,1
beer,1
ahahhahaha,1
sens,1
eslamalagotelli,1
bader,1
yyi,1
chose,1
harryshirt,1
bestof,1
kall,1
twareperfectx,1
jump,1
porq,1
gusta,1
che,1
detto,1
tcomplain,1
existir,1
comput,1
qbraosq,1
match,1
adilmasood,1
pitch,1
litigiousmind,1
daveihl,1
kakm,1
yxk,1
north,1
orang,1
asshol,1
choos,1
empiezan,1
resort,1
etiquet,1
saber,1
missymerica,1
lin,1
gzb,1
liz,1
matar,1
primeira,1
jajaa,1
piper,1
interst,1
dayyyyi,1
brksndunngirl,1
joeytribbiani,1
mclauchlan,1
agre,1
pleasepleas,1
agra,1
fz,1
calarcon,1
iam,1
kkkkkkk,1
mona,1
dado,1
lord,1
luisa,1
casaram,1
ff,1
trarowy,1
ndmiwxh,1
imaginando,1
texmex,1
petri,1
enick,1
scomayeahbuddi,1
irrat,1
qbli,1
magic,1
gi,1
beck,1
asodfhaskfhasdf,1
pacaran,1
dedo,1
doin,1
dt,1
blackout,1
gift,1
stope,1
pledg,1
superior,1
dx,1
overreact,1
respeto,1
kevin,1
gdxmf,1
mad,1
map,1
aneruin,1
left,1
lool,1
anlamasam,1
lineag,1
individu,1
beat,1
bean,1
finalment,1
lazi,1
ayni,1
escena,1
yep,1
debe,1
uec,1
hahahahha,1
ej,1
tasinmasi,1
torcia,1
dabar,1
ca,1
qdo,1
player,1
mber,1
descobr,1
tasinmasiyla,1
philliprawl,1
dear,1
bu,1
sputnick,1
bt,1
liberac,1
mcp,1
bj,1
reiss,1
dubber,1
bm,1
tinha,1
pollitt,1
deaf,1
wichita,1
bd,1
holidai,1
gile,1
pedindo,1
jkinsei,1
matamo,1
mdr,1
andreaytu,1
co,1
vestida,1
idolo,1
trash,1
depress,1
med,1
coloc,1
ami,1
outrag,1
unagiiiii,1
elltf,1
ama,1
kustsgxr,1
ident,1
trata,1
onedirec,1
separado,1
skythesloth,1
mudanza,1
baton,1
cocki,1
adriannabertola,1
az,1
hande,1
wildlif,1
petersburg,1
maggi,1
at,1
esquecido,1
badli,1
ax,1
carlygilmor,1
twdoc,1
av,1
notar,1
secur,1
fepompeo,1
sabe,1
gangster,1
ab,1
timelin,1
angelagzz,1
af,1
aba,1
existido,1
daniel,1
memori,1
abi,1
charliewxo,1
laneygurl,1
bother,1
nx,1
gent,1
oc,1
ob,1
eveeeer,1
luv,1
og,1
ou,1
oo,1
gena,1
whatawaytoendit,1
board,1
ow,1
oy,1
amoroso,1
recuer,1
pl,1
bingross,1
lvt,1
tyq,1
lm,1
numa,1
jennif,1
lxh,1
vuiyvww,1
ly,1
vicki,1
imnotnickfish,1
lwq,1
llorado,1
convertido,1
karen,1
urwzru,1
tucson,1
adop,1
kellibembenek,1
ador,1
playboi,1
mj,1
lion,1
expan,1
mo,1
cnsoow,1
cera,1
preferito,1
unwelcom,1
threesom,1
mv,1
adalh,1
baywatch,1
phobe,1
nd,1
bdqxk,1
account,1
deki,1
hirlg,1
dormir,1
imo,1
spike,1
twa,1
brannan,1
oneth,1
americanfootbal,1
electr,1
knapsack,1
unbeliev,1
mori,1
kx,1
okjesor,1
kv,1
ini,1
fraggl,1
li,1
olha,1
pede,1
tun,1
qkv,1
raazmk,1
tub,1
amus,1
agora,1
evlendi,1
hr,1
hp,1
laurenahyland,1
hq,1
lobatoruben,1
wernt,1
hj,1
shazrazzamatazz,1
frase,1
commando,1
add,1
ho,1
hm,1
vriend,1
clowarn,1
diamond,1
ie,1
aimeew,1
xxcd,1
playlist,1
amanha,1
locat,1
twenti,1
doll,1
cuter,1
defo,1
briancasei,1
tamer,1
acc,1
scaresthebejesusoutofm,1
hurt,1
act,1
littlefoot,1
kkkkkkkkkkkk,1
xo,1
sezondai,1
xp,1
dave,1
ganhei,1
spot,1
washington,1
karolitasett,1
venga,1
davi,1
xb,1
virginia,1
zaman,1
contend,1
entrando,1
moi,1
trend,1
deannnxd,1
tra,1
wt,1
devo,1
chorei,1
grace,1
therealjonrix,1
itsweirdthat,1
fuckin,1
vk,1
alixu,1
imitando,1
alguien,1
hart,1
hoe,1
spring,1
perf,1
venia,1
grade,1
smarti,1
franc,1
lexytiana,1
paro,1
stacik,1
semana,1
uk,1
tte,1
pequ,1
adesso,1
kndt,1
ur,1
pare,1
sleepsinwetspot,1
mariamelalaili,1
pasa,1
qndo,1
tx,1
amycharlottegow,1
kaleigh,1
jessica,1
doc,1
casaron,1
witti,1
asleep,1
verra,1
bailecito,1
pull,1
tp,1
pelo,1
actorgui,1
indienerd,1
td,1
amount,1
acordar,1
tvshowchalleng,1
texa,1
nattt,1
combin,1
desper,1
follow,1
text,1
pump,1
submis,1
ximamant,1
continu,1
memphi,1
jackbowen,1
qtr,1
danmarsh,1
staciaharwood,1
repel,1
qnufg,1
ru,1
yerrr,1
ro,1
rn,1
rl,1
dannicushion,1
hang,1
lento,1
rd,1
vendo,1
hostiaaaaaaaaaaaaaaa,1
birthdai,1
ra,1
parksandrec,1
xox,1
duvida,1
qs,1
gettinsween,1
pasar,1
cuteee,1
qo,1
sandracorcuera,1
accord,1
alanclarkeirl,1
drt,1
conspiraci,1
youfit,1
sentenc,1
pu,1
success,1
llega,1
andrewjohnson,1
aqu,1
declaran,1
acabei,1
saraheast,1
jawfojeg,1
rhialov,1
airport,1
nittitallet,1
hotlama,1
weepi,1
zbji,1
tia,1
leant,1
floyd,1
dgn,1
prontinha,1
actriz,1
dia,1
feodripp,1
fort,1
bizjourn,1
benji,1
present,1
adulto,1
buenisimo,1
citi,1
shit,1
vaaaneyi,1
cross,1
reaction,1
kink,1
ballerassnigga,1
drake,1
nova,1
tomorrow,1
pair,1
chorando,1
isso,1
ovina,1
dali,1
contact,1
lembran,1
daarmc,1
version,1
dudett,1
epic,1
contigo,1
stantonmartin,1
dec,1
emocionar,1
dialogu,1
practic,1
campaign,1
utau,1
mio,1
hum,1
mil,1
mock,1
lionel,1
hornswaggl,1
speaker,1
sheldon,1
weapingpathet,1
contra,1
tabl,1
mid,1
conlon,1
casamiento,1
jonasinthebox,1
shop,1
mezcla,1
breeolson,1
tuitea,1
simpat,1
ladl,1
bier,1
tea,1
ladi,1
puto,1
kemala,1
proper,1
whatev,1
dreamsnfeel,1
diana,1
sayingsforgirl,1
appl,1
sinus,1
pivottttttt,1
oneofmyfavepisod,1
awn,1
ahaha,1
gkgwnlee,1
suzykellyx,1
kvqjq,1
venir,1
missclossx,1
payton,1
lechugol,1
schedul,1
daha,1
xxpple,1
momentazo,1
cohen,1
fresh,1
fwquex,1
tvworldscollid,1
nuestra,1
porno,1
justin,1
morri,1
iamtop,1
durant,1
wktu,1
bzdtxio,1
shock,1
purdydavid,1
term,1
mental,1
romantica,1
lucymari,1
obsesionada,1
ym,1
roomat,1
jeg,2
dynamit,2
regard,2
touch,2
madi,2
esto,2
hist,2
yess,2
pattyjad,2
hahah,2
guapa,2
etern,2
tanta,2
jaw,2
echa,2
room,2
cuento,2
asin,2
dedicaba,2
nah,2
twin,2
anillo,2
manag,2
espa,2
jone,2
igual,2
disfrazado,2
realment,2
seinfeld,2
freak,2
tobi,2
dhaniekratna,2
rock,2
obvious,2
hill,2
support,2
ramo,2
rosa,2
gribaldi,2
build,2
brandi,2
boyfriend,2
thingi,2
tvshowsilov,2
vayan,2
competitividad,2
mondai,2
punch,2
socut,2
dress,2
violent,2
scale,2
unsuccess,2
dengan,2
vale,2
justwatch,2
rio,2
ria,2
michaellamarz,2
amber,2
nombr,2
lamejorparejaquehabidoyhabra,2
wut,2
nyc,2
branli,2
ahora,2
harliou,2
personagen,2
chase,2
iron,2
strike,2
dizendo,2
jaja,2
matt,2
young,2
earli,2
annoi,2
song,2
pheeb,2
sono,2
jajajaj,2
drill,2
question,2
assistindo,2
lucrenavarro,2
solo,2
lineup,2
random,2
weren,2
sat,2
start,2
mind,2
minu,2
ent,2
chair,2
trumpet,2
realis,2
recuerda,2
phelp,2
sentirt,2
honestli,2
medic,2
hacen,2
hacer,2
turkei,2
full,2
bonita,2
check,2
inch,2
came,2
esposa,2
visit,2
cdxxcekx,2
search,2
estilo,2
hueuheuheuheu,2
especi,2
awei,2
barnei,2
canal,2
fire,2
rodrigosmf,2
michel,2
syke,2
serio,2
stupid,2
who,2
upsid,2
gahagan,2
geo,2
cour,2
agent,2
bracelet,2
sex,2
ser,2
ultimo,2
carreira,2
cours,2
weekend,2
heart,2
gag,2
terri,2
son,2
soi,2
quiera,2
danielleemckai,2
heard,2
viol,2
tomars,2
similar,2
akop,2
chan,2
mainten,2
feliciapark,2
dicen,2
ligar,2
dalla,2
pleasur,2
awai,2
colder,2
smdodd,2
unfunniest,2
aribradshaw,2
wrong,2
negin,2
found,2
perceberam,2
happen,2
alicekldainti,2
next,2
bore,2
chantel,2
memulai,2
belli,2
phelpsprincess,2
kickyourass,2
freeman,2
consequ,2
yasmin,2
ste,2
fue,2
bermanfaat,2
fun,2
posando,2
size,2
definit,2
assistir,2
explos,2
fri,2
dumb,2
blimp,2
convidat,2
blooper,2
lalalaliiii,2
tal,2
malibu,2
vih,2
marathon,2
vosotro,2
ooh,2
chaunci,2
mudar,2
clown,2
evil,2
dinossauro,2
comedi,2
orla,2
asasn,2
shelljeanett,2
matthewperri,2
patilov,2
offici,2
uuuuuuup,2
scottsumm,2
jeremi,2
fiz,2
rhythm,2
pretti,2
vou,2
bonn,2
embarazada,2
wasn,2
matter,2
dude,2
kiddingbutnot,2
channel,2
handcuf,2
tina,2
parto,2
aunqu,2
keshiajam,2
bass,2
explan,2
hai,2
adeleellison,2
bank,2
hab,2
bang,2
aliv,2
ranjitatwork,2
prefer,2
nigro,2
ddi,2
courteneystuff,2
farm,2
par,2
courtnei,2
pilot,2
pulso,2
box,2
siempr,2
mesmo,2
hola,2
home,2
short,2
ella,2
clean,2
star,2
snapback,2
twitter,2
minut,2
assist,2
ben,2
paul,2
kinda,2
strong,2
whole,2
rabbit,2
falar,2
quick,2
entrar,2
past,2
descobri,2
genial,2
polic,2
tipo,2
herofletch,2
nice,2
taza,2
hunt,2
fourteen,2
cool,2
hahahhaa,2
pivoooooot,2
sundai,2
voto,2
valentin,2
adoro,2
complet,2
nineteen,2
moustach,2
friendsrefer,2
cox,2
robin,2
busi,2
mylifefforhir,2
cost,2
momento,2
limerick,2
cat,2
pra,2
patriot,2
estoi,2
caf,2
cri,2
futur,2
regular,2
ltimo,2
couch,2
hump,2
thun,2
gtz,2
uma,2
gum,2
estan,2
devilsdeheaven,2
dourt,2
suena,2
baseada,2
mylia,2
bromanc,2
theme,2
hacert,2
blanc,2
longer,2
coke,2
instrum,2
upper,2
allierashi,2
entiendo,2
exist,2
jajaj,2
nellyxfox,2
nonton,2
markwilliam,2
tyson,2
aka,2
fm,2
bebe,2
air,2
narnia,2
sheet,2
ew,2
max,2
precio,2
deal,2
bc,2
justo,2
gustado,2
amo,2
edg,2
toofunni,2
meu,2
crap,2
ar,2
idk,2
ap,2
yai,2
covington,2
muito,2
movi,2
alright,2
baila,2
conejito,2
ol,2
everlong,2
absolut,2
donn,2
delet,2
chicken,2
dele,2
mt,2
experi,2
jean,2
homen,2
jq,2
deja,2
gracia,2
morn,2
adogghipkin,2
eerinsmith,2
justcindeh,2
amizad,2
friendstvfan,2
ia,2
sexual,2
beauti,2
frasespelicula,2
theabiroad,2
cutee,2
divorc,2
newgirl,2
smart,2
greater,2
xq,2
cimb,2
ohwait,2
revista,2
forgot,2
wh,2
coloco,2
tri,2
bambi,2
hari,2
moron,2
quanto,2
flashback,2
pari,2
smith,2
us,2
front,2
yall,2
string,2
instituto,2
hug,2
round,2
bathroom,2
owjbmmj,2
reunion,2
land,2
tow,2
qu,2
top,2
depa,2
frickin,2
test,2
tio,2
alert,2
gorda,2
monei,2
tsit,2
mundo,2
porqu,2
aprendi,2
canadian,2
amaz,2
lmfao,2
mujer,2
contest,2
semoga,2
deo,2
ahhhh,2
teve,2
point,2
pack,2
fool,2
ted,2
independ,2
gravida,2
encantan,2
food,2
awk,2
ter,2
maddhawkk,2
mondler,2
share,2
geektom,2
zn,2
tho,2
peux,2
marahgreen,3
told,3
meet,3
cvncalkr,3
luther,3
entr,3
bestoffriendstv,3
join,3
dijo,3
essa,3
mogstarrr,3
layer,3
watchin,3
hehe,3
brown,3
tengo,3
job,3
scienc,3
super,3
stephen,3
momma,3
hide,3
year,3
pick,3
mate,3
cartoon,3
cara,3
scientist,3
marshal,3
case,3
scare,3
segundo,3
pretend,3
lili,3
pink,3
san,3
triosinolvid,3
tulsa,3
male,3
noch,3
sure,3
jane,3
chick,3
glass,3
jame,3
parent,3
vega,3
mike,3
opinion,3
bodi,3
style,3
katiesprau,3
vece,3
sexi,3
actor,3
chel,3
central,3
adriannahop,3
third,3
clock,3
poco,3
novia,3
rire,3
stick,3
read,3
siento,3
taught,3
studi,3
fica,3
loool,3
face,3
engra,3
boss,3
hace,3
murial,3
fry,3
tan,3
rerun,3
wank,3
silli,3
window,3
perfec,3
minha,3
inspir,3
roommat,3
refer,3
bio,3
vez,3
pheobi,3
hat,3
friendship,3
hook,3
dad,3
itsmemelissax,3
dar,3
wouldn,3
van,3
funnier,3
music,3
pan,3
hora,3
reason,3
smile,3
career,3
stai,3
pee,3
pieahhpurr,3
shout,3
cook,3
estaremo,3
parec,3
goe,3
jealou,3
car,3
everytim,3
couldn,3
gosh,3
uno,3
pose,3
casamento,3
send,3
arahmi,3
callmeclipo,3
bye,3
lil,3
jajajaja,3
lie,3
store,3
ear,3
yea,3
idea,3
mal,3
fb,3
aha,3
lego,3
normal,3
bf,3
ant,3
cc,3
husband,3
game,3
aw,3
chandlerpierci,3
street,3
nw,3
capitulo,3
dont,3
pa,3
fashion,3
mk,3
backup,3
advertis,3
ideal,3
ado,3
crazi,3
tephenmcgahei,3
lose,3
local,3
hot,3
try,3
frank,3
vi,3
pero,3
aww,3
perk,3
older,3
hard,3
dog,3
kick,3
th,3
ta,3
si,3
toi,3
catch,3
tom,3
school,3
frosh,3
shake,3
open,3
sofunni,3
himym,3
cita,3
king,3
kind,3
del,3
moch,3
attack,3
tem,3
gear,3
martin,3
lack,3
padr,3
awh,3
jelli,3
ass,3
xxx,3
dio,3
women,3
secret,3
knock,4
qualiti,4
tomb,4
fav,4
fat,4
classic,4
acabo,4
rememb,4
casquett,4
joe,4
encanta,4
oliviacanti,4
blah,4
problem,4
understand,4
maintain,4
richard,4
calli,4
everydai,4
perri,4
world,4
vite,4
ish,4
draw,4
mile,4
upset,4
head,4
robert,4
bonito,4
wait,4
smoke,4
ohh,4
engag,4
casado,4
chandlerb,4
nippl,4
vida,4
sexo,4
moment,4
cute,4
happyend,4
happi,4
officequotesnet,4
bowl,4
thesofiewai,4
class,4
figur,4
hahahahaha,4
nake,4
alex,4
propos,4
jason,4
bath,4
messag,4
har,4
edvil,4
hoot,4
fass,4
hope,4
tonight,4
quiz,4
voic,4
plu,4
iquot,4
shanefilan,4
obsess,4
chocol,4
camera,4
julia,4
casam,4
yemen,4
just,4
ridicul,4
cristinapdl,4
bui,4
doesn,4
stori,4
deer,4
sheemahasanat,4
di,4
danni,4
least,4
long,4
cr,4
met,4
disappoint,4
handl,4
ag,4
door,4
pe,4
weird,4
tribbiani,4
na,4
notic,4
spell,4
il,4
hoover,4
lmaooo,4
clint,4
serious,4
isnt,4
mom,4
va,4
relationship,4
brad,4
part,4
st,4
sa,4
mui,4
pr,4
imagin,4
apr,4
sgirlproblem,4
fuck,5
ref,5
legend,5
surgeri,5
far,5
cuenta,5
scene,5
courtenei,5
hell,5
mess,5
wonder,5
buffai,5
epi,5
casa,5
mayb,5
high,5
jordanleepatton,5
sad,5
milk,5
mine,5
end,5
passando,5
hear,5
cheer,5
middl,5
total,5
free,5
apart,5
junelia,5
close,5
todai,5
awar,5
turn,5
rhyme,5
bliss,5
oth,5
feed,5
fail,5
wing,5
grand,5
brush,5
aguiar,5
bit,5
bestshowev,5
tweet,5
sorri,5
sound,5
burn,5
ketan,5
tien,5
let,5
gym,5
du,5
situat,5
sister,5
alison,5
ad,5
laser,5
kadam,5
ja,5
matthew,5
mon,5
um,5
ud,5
keep,5
ti,5
su,5
hernia,5
ash,5
friendsbestshowev,5
ya,5
guess,6
hahahaha,6
nooo,6
chist,6
run,6
mouth,6
watermelon,6
line,6
warnerchannella,6
group,6
kid,6
number,6
pivot,6
pictur,6
bdbdleeroybrown,6
aren,6
pone,6
assisti,6
mother,6
wai,6
orangotag,6
nunca,6
episodio,6
bring,6
duck,6
fit,6
fix,6
big,6
kiss,6
crack,6
dan,6
bill,6
cup,6
final,6
anymor,6
hit,6
famili,6
bed,6
youtub,6
monkei,6
gunther,6
sing,6
legendari,6
dead,6
ana,6
dond,6
bitch,6
ni,6
wanna,6
im,6
foto,6
ask,6
hate,6
juliatruong,6
xx,6
esta,7
thought,7
desconfort,7
londr,7
theoffic,7
suggest,7
care,7
giant,7
coupl,7
muriel,7
sun,7
dwight,7
work,7
ver,7
vel,7
talk,7
pam,7
bad,7
back,7
believ,7
insid,7
entertain,7
breast,7
fa,7
em,7
be,7
men,7
michael,7
friendsquot,7
mr,7
amor,7
knew,7
hoi,7
decid,7
piada,7
pant,7
awkward,7
sinto,7
woman,7
yo,7
kramer,8
theonewith,8
took,8
homosexu,8
jajaja,8
sarcasm,8
saw,8
frinkler,8
won,8
walk,8
break,8
lolfish,8
resultado,8
advic,8
that,8
word,8
didn,8
onc,8
dice,8
esquisito,8
viendo,8
take,8
elig,8
interest,8
sweet,8
leg,8
season,8
sleep,8
mai,8
quando,8
fc,8
comment,8
homem,8
tdude,8
give,8
temporada,9
getglu,9
wed,9
sou,9
jokelam,9
hair,9
friendsshow,9
feel,9
friendsnew,9
visto,9
loooool,9
janic,9
person,9
put,9
juli,9
ha,9
live,9
hi,9
personaj,9
uh,9
danc,9
damn,9
fan,10
laugh,10
felliphealmeida,10
caus,10
dream,10
set,10
favorito,10
rach,10
tulo,10
courteneycox,10
great,10
thank,10
green,10
duplasinolvid,10
gonna,10
down,10
friendssai,10
hilari,10
al,10
ah,10
true,10
te,10
shut,10
wrestl,10
die,10
right,11
geller,11
sarcast,11
well,11
grow,11
footbal,11
grape,11
omg,11
hous,11
cyberm,11
plai,11
god,11
cap,11
seriado,11
go,11
ahh,11
move,11
ma,11
date,11
tempo,11
made,12
yeah,12
littl,12
call,12
mejor,12
favourit,12
real,12
wtrx,12
funniest,12
celebr,12
hahaha,12
actual,12
officialzam,12
np,12
ok,12
mi,12
lmao,13
highschool,13
seri,13
went,13
alumni,13
come,13
cry,13
phone,13
ep,13
last,13
qui,13
new,14
loneli,14
still,14
marri,14
old,14
dai,14
hei,14
quotinfriend,14
wife,14
babi,14
con,14
wear,14
first,14
er,14
os,14
le,14
un,14
para,14
igetthatalot,15
todo,15
est,15
websit,15
melhor,15
boda,15
cloth,15
ey,15
peopl,15
tu,15
rachael,15
superbowl,16
here,16
cuando,16
tell,16
una,16
realfriendsdont,16
seriefriend,16
ye,16
now,17
need,17
onli,17
voc,17
como,17
com,17
ll,17
place,17
xd,17
kill,17
make,18
spanish,18
remind,18
por,18
midget,18
da,18
favorit,18
spend,18
joke,19
loser,19
show,20
see,21
don,21
think,22
okai,22
look,22
life,23
wish,24
mean,24
gt,24
girl,24
miss,25
lo,25
night,26
eu,26
funni,27
tv,28
man,29
am,30
se,30
ve,31
nica,33
know,36
haha,38
gui,38
time,39
es,41
lol,42
shark,45
name,46
charact,46
sai,47
episod,47
en,47
lt,48
porn,49
el,50
best,56
can,57
la,73
quot,79
want,84
bing,95
watch,107
love,126
phoeb,138
like,160
rachel,160
de,167
ross,270
monica,331
joei,352
chandler,1353
friend,1356

