total,3350
verdi,1
profession,1
jeg,1
megwan,1
bostongirl,1
jen,1
diga,1
answer,1
fingaz,1
soundtrack,1
tymkr,1
mugo,1
oido,1
jrozenzon,1
piss,1
geller,1
john,1
greg,1
biggest,1
dinozzo,1
winfield,1
esto,1
somuchlov,1
coloquei,1
imcooooooold,1
xqviutx,1
ankensa,1
mehrangarland,1
cutest,1
heck,1
pazserra,1
toni,1
pito,1
join,1
meck,1
red,1
joeyisperfect,1
este,1
rep,1
jar,1
essa,1
weasleyswheezew,1
motion,1
crustymorri,1
jaj,1
thismorn,1
topd,1
dannamanna,1
avila,1
rcb,1
raw,1
roberamor,1
mehv,1
breastfeedingques,1
khuunlei,1
reachel,1
andrea,1
gram,1
manag,1
ahmadkohistani,1
confus,1
boktan,1
ran,1
mehn,1
measur,1
rad,1
vane,1
gerreur,1
looker,1
avrei,1
acaba,1
ejercicio,1
baumgarn,1
nwlsf,1
toca,1
blackish,1
anzi,1
poisonivi,1
errbodi,1
jenikak,1
jnr,1
hhhaahah,1
mrman,1
toda,1
rno,1
buaaaaa,1
sarahgreen,1
road,1
space,1
ntome,1
dammit,1
alana,1
endofstori,1
zoee,1
joi,1
nowwatch,1
rskrzgmu,1
aguilar,1
toen,1
spade,1
mikesacunt,1
nesesito,1
yusuf,1
rmc,1
keith,1
laughter,1
dupla,1
likepenguin,1
prai,1
whini,1
mesa,1
thompson,1
mese,1
xcoldwindblow,1
getin,1
kayla,1
hero,1
solcito,1
zzzzz,1
finger,1
mvkvyvgp,1
stevencarrol,1
chest,1
coraz,1
justwatch,1
drum,1
stephen,1
rio,1
rir,1
offer,1
angela,1
rib,1
cswjeoim,1
mercado,1
horribl,1
arent,1
mpivaughan,1
examen,1
randomfactaboutm,1
isn,1
gorilla,1
piec,1
opaopatz,1
harliou,1
pido,1
cheap,1
reganannham,1
posit,1
bocavan,1
deber,1
sore,1
doooinnn,1
truth,1
initi,1
exactli,1
sentido,1
eficacia,1
remain,1
bonnybe,1
soph,1
thump,1
lakdf,1
care,1
barata,1
cari,1
eminem,1
casa,1
vist,1
trebiani,1
rabbi,1
brittifac,1
case,1
casi,1
attempt,1
gallon,1
defazio,1
opposit,1
mechellei,1
fantastico,1
indirect,1
feebi,1
jbuot,1
kekonyolan,1
odio,1
rqr,1
mampz,1
teamniallx,1
rrk,1
coincidencia,1
giant,1
caleb,1
bateu,1
touchpad,1
sab,1
chuf,1
hulling,1
zero,1
sal,1
jesu,1
tote,1
aprendizviaj,1
slept,1
dayyyyyyyyyi,1
clearasil,1
duplainolvid,1
sadli,1
josh,1
kendrick,1
flip,1
jumper,1
ohhh,1
nmillerxo,1
ligesom,1
adfghjkl,1
nowayyalbert,1
tpbadam,1
remark,1
fanygarza,1
pira,1
felicefawn,1
chees,1
bonito,1
medio,1
babei,1
polici,1
jackwait,1
chou,1
parasitolog,1
town,1
calm,1
introduccion,1
tashaaaaaaax,1
papei,1
richardsbitch,1
chrt,1
officialtulisa,1
laung,1
friendsfan,1
gesto,1
spiniak,1
cama,1
twat,1
rzl,1
pior,1
vien,1
errr,1
treetrunk,1
bugzym,1
peral,1
she,1
multiplicando,1
titan,1
doooiinggg,1
oreo,1
viaja,1
jackieantl,1
fuggin,1
franci,1
jnir,1
sie,1
sia,1
espaci,1
amritnk,1
canal,1
kurbjuxg,1
sim,1
anal,1
kayseefac,1
thisweekend,1
viaj,1
kei,1
boei,1
ptdrrrrr,1
bastard,1
ekjasai,1
nite,1
kirchal,1
theonewherejoeyputsonallofchandlerscloth,1
sidwel,1
hadeel,1
recien,1
dejaria,1
pizarra,1
instal,1
edit,1
hayleymack,1
belloooooo,1
suit,1
fell,1
klog,1
okbyert,1
chew,1
kalkoen,1
funer,1
dough,1
mpienglish,1
vraiment,1
worth,1
erin,1
earlier,1
mjcwilliam,1
agbd,1
sob,1
nomnom,1
melcochargumedo,1
everyon,1
popcultur,1
thatop,1
doiiin,1
minist,1
salido,1
listoooooo,1
mmmh,1
nemind,1
fijaba,1
chan,1
slw,1
freind,1
causa,1
level,1
facebook,1
slc,1
colleg,1
knw,1
jagger,1
doubt,1
dalla,1
squeaki,1
joesalvucci,1
cubilet,1
askin,1
debat,1
smaller,1
worri,1
syndrom,1
stillgai,1
iflookscouldkil,1
coach,1
stephl,1
merit,1
fossil,1
dolai,1
smh,1
klausyma,1
sme,1
samantha,1
wayn,1
rilli,1
wrote,1
febi,1
favorito,1
dancer,1
jwz,1
monster,1
favorite,1
garethvarei,1
laurenkirkwood,1
ownthedai,1
fellow,1
maryel,1
lucki,1
soooo,1
nohowyoudoin,1
bore,1
daughter,1
fszojxwg,1
babyi,1
laurazera,1
smarter,1
jrich,1
direct,1
reem,1
smalljoi,1
youwillwin,1
thebowd,1
lasagn,1
clair,1
faroukdeena,1
deseo,1
notirlfriend,1
gettin,1
thedessertd,1
yumnatarian,1
jud,1
agapepiv,1
bout,1
surnam,1
todayshow,1
supexpingu,1
orrr,1
quisiera,1
rzklnw,1
suj,1
sun,1
disgust,1
flameboi,1
completa,1
bradei,1
reir,1
tookurgirl,1
saldr,1
michaelscott,1
connec,1
feen,1
txzbbx,1
tight,1
blind,1
tag,1
roomi,1
lucystewarttt,1
samlyna,1
nasceram,1
izleyen,1
tbh,1
amraz,1
carajo,1
rudd,1
whinei,1
scartak,1
zyr,1
kai,1
despu,1
tgendler,1
xxxxxxxxx,1
cptp,1
byobrook,1
unhealthyaddictiontoshittv,1
rderosana,1
tap,1
ntural,1
lengua,1
goota,1
jpgvq,1
asasn,1
confid,1
pernah,1
anywai,1
juliaghal,1
stuf,1
alicesofield,1
mdtxqdt,1
watr,1
zzjamesdiamond,1
dooooiiiiinnn,1
arummanggi,1
yennjurh,1
popthatpablo,1
cidad,1
triviani,1
pickool,1
hooker,1
class,1
ashbhoopathi,1
yeaahh,1
karabarnett,1
warn,1
josee,1
dylanhoad,1
quieroo,1
visto,1
waso,1
haahahaah,1
boob,1
thisistoogood,1
ministain,1
manameisjosephh,1
bright,1
berkleymg,1
howuuuudoinnnn,1
iqbaltheba,1
brittanitaylor,1
recomienda,1
kensleylaw,1
leblac,1
sica,1
hkbn,1
profe,1
spolt,1
parti,1
bmc,1
ostickl,1
naif,1
kranick,1
hallazgo,1
rindo,1
ejemplo,1
hurri,1
sitio,1
messag,1
hungri,1
dreamnightout,1
jdbq,1
zeu,1
sungmin,1
drawkwa,1
han,1
bob,1
hai,1
paraphras,1
fridai,1
sebagai,1
connormcleod,1
planet,1
volta,1
hah,1
lizzybbi,1
hac,1
sophiateoh,1
spectrum,1
viendo,1
ruchikagskar,1
nkotb,1
offend,1
caoch,1
rosstitut,1
sigh,1
bestshowev,1
pat,1
pav,1
nataliatrianasg,1
galvi,1
yoooooooooooooooooooo,1
stereohogzz,1
lembrava,1
bom,1
hayleycarlynn,1
leukerd,1
energi,1
volo,1
michaelamcquaid,1
het,1
goofi,1
smile,1
homaigawd,1
zoe,1
frankiecocozza,1
teen,1
aider,1
defiantli,1
anymor,1
mikir,1
pokemondom,1
bat,1
bar,1
googl,1
carlylathwel,1
hospit,1
aokivan,1
notsosubtleflirtmov,1
misii,1
cathwilliam,1
supchelport,1
ichi,1
pet,1
hollywoodros,1
buut,1
bfk,1
bilir,1
cuzzen,1
ple,1
anesthesia,1
aquino,1
minesorigin,1
tear,1
kaelle,1
mentra,1
ajdykym,1
tribut,1
ber,1
estupido,1
mikei,1
bless,1
bet,1
estupida,1
stfu,1
wentworth,1
melissa,1
kylieminogu,1
cafesolubl,1
pato,1
dogfriend,1
pic,1
bgt,1
pig,1
mrscavallo,1
proud,1
stem,1
dinfec,1
step,1
sarixdelao,1
selimceyda,1
beccyrkc,1
kjfhdghd,1
nica,1
joeyzib,1
melwoodward,1
pon,1
vote,1
rociotebar,1
goodnight,1
ilov,1
spinoff,1
nick,1
pelada,1
extinct,1
lolll,1
pienso,1
beth,1
bcmysteri,1
parar,1
destekten,1
primari,1
saunder,1
toomuchfunni,1
geburtenkontrol,1
gave,1
pfffft,1
hopefulli,1
eriza,1
brrrr,1
psh,1
psg,1
sooner,1
control,1
lollyx,1
pub,1
newton,1
belt,1
lucien,1
meeeeeee,1
car,1
janin,1
marilyn,1
pxnkakgd,1
children,1
dedik,1
dose,1
janic,1
announc,1
manchest,1
expos,1
jacqui,1
cbu,1
thong,1
jkmeatda,1
joeybat,1
regret,1
mismo,1
ruthi,1
couldn,1
rybugg,1
gtw,1
badia,1
quill,1
bufx,1
gosh,1
tongu,1
gose,1
barrett,1
gunther,1
nadi,1
favorti,1
gud,1
candi,1
marissaguttman,1
terilyn,1
alberto,1
lvoykkzi,1
spock,1
pkue,1
dontdiss,1
dourt,1
yayayi,1
qualcosa,1
juro,1
pilar,1
brandon,1
shaveenmalintha,1
girrrli,1
ilovethisshow,1
bitti,1
gut,1
usar,1
naaa,1
bul,1
lewnel,1
mainou,1
bud,1
kelli,1
laurencarless,1
sabia,1
mascara,1
beer,1
heyhellocunt,1
tsanti,1
hooot,1
comilla,1
girlfrnd,1
tailorr,1
yyw,1
tcomplain,1
trivia,1
tvfriend,1
heartbroken,1
euvrirb,1
stalker,1
amykyprian,1
gasp,1
marielbroken,1
gamab,1
exist,1
wildcard,1
mikenvirginia,1
kidnei,1
quita,1
organ,1
agre,1
porsch,1
cassyoflondon,1
jeez,1
aka,1
bullshit,1
weatherli,1
ga,1
leighrant,1
fu,1
fq,1
avynapatel,1
deer,1
aweeeeeooooooooweeeeeoo,1
gm,1
gigi,1
gl,1
gi,1
dinosaur,1
butter,1
iba,1
gs,1
shanaoth,1
yeh,1
mola,1
dg,1
faster,1
dj,1
dm,1
current,1
individu,1
ew,1
ex,1
merajaolaw,1
safe,1
probali,1
quotat,1
georginadorset,1
lauraboydi,1
ek,1
shag,1
morganalicia,1
awkwardfr,1
dabar,1
plyd,1
mitchysanderson,1
etwa,1
gotchu,1
stone,1
possibl,1
tommi,1
br,1
situat,1
bt,1
lisakudrow,1
chilln,1
bj,1
bk,1
activeevolu,1
bg,1
bi,1
querido,1
cierto,1
deaf,1
ieb,1
ang,1
sajji,1
binglangpow,1
recklessli,1
haciendo,1
greatdrink,1
joeycri,1
strictli,1
zitrnhgl,1
quedaron,1
lole,1
ourherojb,1
husband,1
lola,1
liisa,1
trabaja,1
martinard,1
tomko,1
ay,1
hande,1
ar,1
ax,1
walter,1
handl,1
muahahahaha,1
ai,1
ao,1
arroncraig,1
forget,1
puntata,1
aba,1
memori,1
door,1
muito,1
abl,1
delco,1
andrewanzalon,1
nw,1
correct,1
ob,1
hurtin,1
idiot,1
ol,1
oi,1
deni,1
wonderful,1
grierson,1
expct,1
dond,1
oq,1
ow,1
oy,1
pe,1
pm,1
po,1
pi,1
ikea,1
lm,1
frruit,1
ls,1
fatest,1
lw,1
lz,1
ayee,1
hammond,1
playboi,1
mp,1
cnsoow,1
ms,1
nd,1
anatinu,1
dormir,1
deir,1
arnoalexi,1
rdhrjsyu,1
rasanya,1
jm,1
kg,1
ke,1
corruptor,1
kk,1
lk,1
separ,1
puesto,1
lf,1
agora,1
msemmacampbel,1
hh,1
shazrazzamatazz,1
add,1
hm,1
ia,1
blvd,1
diamond,1
semest,1
twenti,1
it,1
jwhit,1
ii,1
ili,1
io,1
ip,1
ilx,1
monro,1
xo,1
strang,1
walton,1
cima,1
froot,1
jenlovesmar,1
aussi,1
forgot,1
serious,1
papi,1
naze,1
qpr,1
papa,1
rtpsdpgy,1
ws,1
wt,1
devo,1
vz,1
jcasabona,1
sophia,1
load,1
hov,1
fuckin,1
vk,1
alguien,1
warch,1
donni,1
brought,1
galeotti,1
vo,1
uw,1
uu,1
grade,1
tuitserio,1
va,1
hmu,1
ayi,1
park,1
qrxtewv,1
lookin,1
pare,1
pasa,1
field,1
lewi,1
nmigjfvn,1
pregunt,1
hmm,1
benda,1
roflmao,1
afford,1
hall,1
pull,1
cancel,1
leukst,1
paki,1
th,1
healthymealkitz,1
ss,1
sm,1
effort,1
ximamant,1
kanyeandjayz,1
finish,1
angyfdz,1
antojan,1
ru,1
verranwatch,1
citat,1
sexyyi,1
baggin,1
lento,1
shun,1
piedra,1
bunch,1
includ,1
racist,1
jajajajajajajaja,1
arhum,1
qf,1
qg,1
depa,1
foto,1
ps,1
test,1
katiepip,1
expect,1
airport,1
oper,1
page,1
qivqsq,1
barcelona,1
sofunni,1
sheenaveracruz,1
iuaehiuaeh,1
benji,1
present,1
apuc,1
buenisimo,1
ase,1
strawn,1
amykpres,1
ufhhqh,1
evrythg,1
poloirigoyen,1
issu,1
contact,1
paid,1
jlsirisharmi,1
notfreshprinc,1
benna,1
lmsao,1
joeyimag,1
mock,1
ahhhh,1
utah,1
mbegg,1
sasha,1
lolololol,1
stoner,1
shop,1
ahhaa,1
infer,1
pack,1
cusqu,1
puto,1
howudoin,1
aacamara,1
bkevwcdx,1
appl,1
hidup,1
imagen,1
mrengbrecht,1
appreci,1
object,1
biancatakemeout,1
fome,1
zw,1
nmwatson,1
fresh,1
igethatalot,1
puta,1
yb,1
fold,1
hadda,1
mental,1
therealslimsuli,1
ravt,1
jsyk,1
roll,1
knock,1
letsbefriend,1
role,1
fatkidatheart,1
luxuri,1
gummi,1
enano,1
omdz,1
eddavi,1
doodoostanki,1
palma,1
mmhhm,1
feb,1
liambowi,1
fem,1
deathdat,1
hahahhahahaha,1
aser,1
smelli,1
nem,1
tcpj,1
pagando,1
yesterdai,1
mention,1
warner,1
looool,1
ledg,1
hazard,1
woooooo,1
spiderman,1
anytim,1
spoken,1
zayyi,1
bagaimana,1
nffc,1
toooooo,1
label,1
borrow,1
aaaaand,1
leav,1
luci,1
room,1
thepni,1
asin,1
nap,1
direc,1
occasion,1
steven,1
fdf,1
approx,1
fdi,1
thingsisaywhenilookinthemirror,1
claaavaico,1
cuenta,1
mrbean,1
kristen,1
dfoulk,1
eleganttaylor,1
appar,1
charliesheen,1
nat,1
crusham,1
hhmmm,1
formulario,1
report,1
saudad,1
craigarn,1
rosa,1
macbook,1
myfav,1
houghton,1
ilikedarkhairedboi,1
rhiannonsai,1
stinkeeminke,1
fiction,1
built,1
scienc,1
water,1
petrolhead,1
enzyklop,1
tener,1
fiddleheadbangr,1
moviemakin,1
cigar,1
verywrong,1
nose,1
reflex,1
pickuplin,1
thingi,1
penni,1
roxx,1
lastnight,1
floupp,1
skyatlant,1
hollyoak,1
liter,1
barbara,1
hutcherson,1
sariahbaubern,1
mace,1
envi,1
creser,1
mucho,1
xcb,1
scale,1
omgg,1
cocina,1
rato,1
ontop,1
fluffypinkystar,1
marissa,1
tntiffani,1
unfollow,1
dooooooin,1
problem,1
amarlo,1
lovedddd,1
cereal,1
heheh,1
momma,1
acontec,1
rdhqmga,1
planetjedward,1
welcometomylif,1
beard,1
daili,1
joeytribiani,1
yeaa,1
amberlancast,1
oliviacoletta,1
dewin,1
hidg,1
nikkiarriazu,1
xiii,1
ess,1
laughinghyster,1
vexo,1
tutti,1
tfetish,1
ahora,1
jlogano,1
fuckingextat,1
denis,1
marcel,1
strike,1
ashleylaur,1
sarbear,1
pmsl,1
chickenn,1
volver,1
feverwyatt,1
cthu,1
matr,1
rossorchard,1
charl,1
nun,1
mata,1
phebe,1
garden,1
ksdqamz,1
francescamunn,1
taylorlogi,1
ratherbegulf,1
amchowchow,1
annoi,1
mouth,1
imitacion,1
corrinpottsx,1
scari,1
pegada,1
lamang,1
scare,1
lorilile,1
bioshock,1
qiyi,1
erb,1
didnt,1
dilanjut,1
jeeez,1
esm,1
verr,1
chill,1
mylifeiscomplet,1
hutton,1
mrmodr,1
mitico,1
pretend,1
scan,1
erm,1
illustr,1
stallion,1
ekk,1
rollo,1
mill,1
milf,1
headdesk,1
nod,1
troubl,1
ell,1
angelicopt,1
nou,1
kisser,1
ontem,1
imthenewbeetl,1
nanni,1
realchali,1
nnp,1
caitlinthoma,1
casual,1
eeeess,1
mami,1
lindseyyyyb,1
magnat,1
spoiler,1
dramat,1
ingl,1
chair,1
unisex,1
fascin,1
lukevujnov,1
brysonwel,1
mall,1
nevergibup,1
elizalelliottx,1
realis,1
bffer,1
doooo,1
niquefueramula,1
comer,1
beasttttttttttttttttttttttttt,1
childhoodmemori,1
known,1
senior,1
jane,1
notreem,1
alexrpayn,1
ergun,1
switzerland,1
preguntal,1
bcoz,1
jame,1
simonepoprock,1
salazar,1
monicaaaaa,1
greatest,1
soffiek,1
shoudnt,1
chamou,1
ctica,1
address,1
dippypoo,1
fish,1
acordarm,1
ogc,1
afroman,1
chewbacca,1
estilo,1
evri,1
ahahahahahah,1
paulevag,1
sharron,1
doggi,1
toler,1
stair,1
entend,1
doinggggg,1
xadoringselli,1
wee,1
lchelsei,1
pullin,1
fire,1
overthat,1
mich,1
woah,1
intern,1
ayuda,1
yourawizarddani,1
wha,1
nueva,1
incorpor,1
idontsleep,1
doctor,1
suegcb,1
momarsfan,1
ger,1
sale,1
todav,1
joethebadass,1
pictur,1
stalk,1
stali,1
salt,1
ultimo,1
roaringblood,1
joeknig,1
ollyoffici,1
area,1
ahahahaha,1
hahahaaha,1
unica,1
rellenando,1
pomi,1
pokemonpowel,1
qussaynajjar,1
stand,1
unico,1
stomach,1
laidddd,1
plymouth,1
scarfac,1
thailand,1
court,1
reacciona,1
prettypleas,1
kathi,1
baaabi,1
bread,1
import,1
vzz,1
progamm,1
central,1
tashhetman,1
gag,1
museum,1
ifmbgsyi,1
gal,1
hamigo,1
podria,1
variant,1
babiiexoxoemma,1
marwanelderwi,1
xjade,1
conto,1
ispitonfatho,1
alizito,1
marvinjohnson,1
paulasebben,1
savi,1
ccollett,1
tttt,1
trivianni,1
count,1
abil,1
xarianachachi,1
nolan,1
poco,1
outta,1
gunna,1
outro,1
opportun,1
comparison,1
comico,1
ashton,1
pizza,1
pleasur,1
tuner,1
chachi,1
stick,1
ichiban,1
frog,1
tailor,1
driver,1
risa,1
emul,1
eqswp,1
hoooww,1
susan,1
intens,1
lipstick,1
reaccion,1
mason,1
mochilero,1
keltzik,1
wood,1
dicho,1
scrub,1
littlecbeadl,1
fico,1
ridn,1
sjmford,1
honor,1
luopean,1
involv,1
roken,1
jennaferjenbub,1
price,1
francin,1
immm,1
complain,1
ydjycmpw,1
split,1
riakershaw,1
imma,1
breakfast,1
enak,1
joatemyheart,1
hahhahah,1
caught,1
menac,1
farewel,1
emiigle,1
whosizzzi,1
rafa,1
corrient,1
rodriguez,1
jxkristonnn,1
homenaj,1
sweeti,1
nerd,1
oth,1
cunt,1
size,1
bambamjoei,1
anger,1
yfiodlxa,1
magazin,1
ftw,1
assistir,1
justask,1
hoooow,1
ryan,1
cuanto,1
pinion,1
garcia,1
grandpar,1
skype,1
ahahaha,1
foreal,1
carlsburg,1
foi,1
cover,1
rsrsrr,1
freakin,1
toyawright,1
sayin,1
marathon,1
cuba,1
rerun,1
oro,1
ohhhfriend,1
fearaj,1
fake,1
deserv,1
yoou,1
mrblue,1
suppos,1
fineee,1
footbal,1
breon,1
fala,1
skauda,1
howyoudooooooin,1
jamimagarlick,1
tulo,1
werd,1
embarazado,1
geboren,1
guiltybydesign,1
truelov,1
silli,1
lpsvnsq,1
fli,1
compani,1
flu,1
aimerai,1
caranorri,1
mcroin,1
zaravgreen,1
llamo,1
puregreengrass,1
jeremi,1
gritaba,1
peqchopin,1
duel,1
electrocut,1
find,1
vow,1
film,1
barnzi,1
voz,1
fill,1
kyle,1
continua,1
wissen,1
piazza,1
llev,1
dudo,1
sitcom,1
sezoan,1
hors,1
alwai,1
bare,1
sempr,1
yasminela,1
peoplewatch,1
llamars,1
neutral,1
ederim,1
indimenticabil,1
ting,1
tina,1
gonnna,1
pseyi,1
alex,1
wamba,1
alet,1
consigo,1
queer,1
aunqu,1
vez,1
smooth,1
lozzeth,1
carlo,1
matthewkovach,1
namin,1
bate,1
chanelleblair,1
terminat,1
hour,1
spotwatch,1
meagan,1
dajerx,1
mrharrisio,1
public,1
ditch,1
eyyi,1
cock,1
band,1
adamfolarin,1
qutopp,1
mleczko,1
hook,1
creat,1
alic,1
code,1
hoow,1
carol,1
cream,1
dat,1
banter,1
dam,1
wouldn,1
aunti,1
val,1
ddd,1
var,1
racheal,1
missvicki,1
karl,1
fart,1
bronca,1
sincericidio,1
law,1
ggggrrr,1
cobb,1
comediant,1
jessi,1
lexcooop,1
vae,1
jajajjajajja,1
hablar,1
respectyaeld,1
whowouldathought,1
cui,1
historia,1
alng,1
cinico,1
kun,1
torment,1
ausi,1
macarron,1
startup,1
tard,1
creer,1
loooool,1
andreaplayland,1
greyhairedjoei,1
salzau,1
boutta,1
tape,1
goddamn,1
bxtch,1
hawtun,1
diciendo,1
vulkanisiert,1
kebruis,1
ximoooo,1
lovelovelov,1
suffyan,1
womenlovecomedian,1
mirando,1
mattd,1
bernard,1
joeycrazyp,1
raelovesfrack,1
request,1
muero,1
dewdrop,1
cluad,1
streetk,1
tire,1
joemantegna,1
chyychi,1
everyonedo,1
teletov,1
minun,1
shxxt,1
friendsrerun,1
vertret,1
doooooinn,1
teddi,1
ellieljustin,1
carryonrt,1
sean,1
alta,1
muahahahahahahahahahahahaha,1
crabman,1
dentist,1
fanbas,1
insisto,1
joetaylor,1
choyqiyi,1
empezando,1
interest,1
theedwardlopez,1
justsai,1
depil,1
lop,1
dickhead,1
packet,1
cmo,1
adoro,1
babe,1
loa,1
masuk,1
cont,1
acum,1
repres,1
holden,1
somethingxd,1
qual,1
wkhrykub,1
ianhark,1
cop,1
yugi,1
paulmichel,1
jodee,1
coz,1
autobiogr,1
chicago,1
tessaduval,1
yuei,1
gazillion,1
english,1
tigertig,1
tobleron,1
levant,1
automat,1
wjnmk,1
kangaroo,1
underwear,1
cri,1
botella,1
cabinet,1
nadador,1
cantlivewithout,1
core,1
cudrt,1
bradycernelich,1
blastfromthepast,1
nighti,1
uma,1
filmmak,1
wxtk,1
centremusthold,1
fracasado,1
goat,1
trei,1
lastin,1
curtain,1
trancethursdai,1
avdw,1
pretendiendo,1
centr,1
bake,1
vuelto,1
self,1
elleludg,1
convenc,1
sell,1
kesslahh,1
ball,1
blank,1
jessieaxox,1
leo,1
pavilion,1
phoebeross,1
leg,1
lee,1
cookclifford,1
escuto,1
tiempo,1
kami,1
cha,1
cola,1
swell,1
cold,1
kame,1
trae,1
ntwf,1
kali,1
higgin,1
howl,1
chose,1
kaisha,1
twareperfectx,1
xdddd,1
junior,1
yung,1
jlockhart,1
choro,1
pxqa,1
taylallynxo,1
incep,1
dibujazo,1
rocketregina,1
hughesciaran,1
carolineflack,1
youneverliv,1
cosmet,1
escolhendo,1
poor,1
embarrass,1
uhm,1
jajaa,1
liv,1
nicki,1
joeytribbiani,1
bitiyo,1
jermemyclarkson,1
pleasepleas,1
nadialaconoc,1
adel,1
friendssai,1
jbradderz,1
realfriendsdont,1
jumboshrimp,1
ndmiwxh,1
heater,1
geek,1
sieloff,1
petri,1
trop,1
dcnaqd,1
dayjustgotalittlebett,1
stephani,1
amin,1
vicemilli,1
cantstoplaugh,1
honesti,1
alexf,1
blackout,1
marlei,1
theatr,1
mac,1
alexc,1
mbiengz,1
palazzo,1
mad,1
ufc,1
oqmmvcv,1
mar,1
max,1
mau,1
finalment,1
lazi,1
papponi,1
vicar,1
whitedoncheadl,1
hahahahha,1
what,1
existo,1
bestshow,1
horsehair,1
dcndwsc,1
gustado,1
chrstinadarl,1
doinn,1
rompecorazon,1
idolo,1
mee,1
meg,1
janitor,1
surpris,1
ident,1
ejgsdfbr,1
mel,1
trip,1
lupecarrasco,1
adriannabertola,1
ech,1
alison,1
sistem,1
trib,1
twdoc,1
gustaba,1
lauder,1
cutiel,1
officialluket,1
timelin,1
daniel,1
lul,1
luk,1
dinarsan,1
lui,1
ticket,1
sweatpant,1
pedir,1
capitulo,1
luv,1
whatawaytoendit,1
veronica,1
flea,1
packag,1
tym,1
diaaa,1
realiti,1
kukubird,1
edurnecm,1
mezlou,1
lwq,1
neilb,1
autograph,1
jhai,1
cera,1
dvd,1
ideal,1
baywatch,1
capito,1
whjl,1
estudar,1
phobe,1
xkqu,1
yooou,1
jfronz,1
ocupaci,1
electr,1
mothafucka,1
jusfriend,1
esanenaa,1
olha,1
gerb,1
tristan,1
tun,1
late,1
raazmk,1
frase,1
litr,1
inimit,1
osusux,1
aduh,1
extend,1
jada,1
list,1
nigger,1
hurt,1
biggi,1
rosedai,1
featur,1
littlefoot,1
doo,1
dave,1
venga,1
davi,1
cele,1
shadi,1
yaitsuck,1
nickatnit,1
dymonlabonn,1
joeycrizzi,1
mov,1
notevenkid,1
itsweirdthat,1
montagem,1
mre,1
encinia,1
dicken,1
pero,1
jjsgonnr,1
franc,1
stacik,1
dnt,1
memphitz,1
jessica,1
raman,1
iceduzt,1
doi,1
meeee,1
meowitsleah,1
vlpq,1
bloomfield,1
seriesconpollazo,1
arunamigo,1
staker,1
tvshowchalleng,1
oakland,1
darl,1
kidd,1
meyer,1
freddi,1
lake,1
happyendingsabc,1
dum,1
defrancesco,1
maxwinterburn,1
luego,1
dua,1
destroi,1
instantli,1
hairless,1
globo,1
land,1
vendo,1
longest,1
lembrei,1
geordia,1
miszktbabi,1
rocki,1
ton,1
tor,1
nerdi,1
stacei,1
mum,1
diagz,1
equip,1
whoelseisfin,1
dane,1
dang,1
twobestshowsev,1
kkkkk,1
dionnephilip,1
tim,1
tip,1
championship,1
jawfojeg,1
shootin,1
tia,1
leant,1
dgn,1
ismisesharon,1
dia,1
dami,1
dupui,1
aprendi,1
flavour,1
smell,1
liammconroyi,1
dew,1
contest,1
vomitar,1
lembrar,1
epic,1
def,1
deo,1
mio,1
ethic,1
brim,1
mit,1
mix,1
alfredoflor,1
lmfaooo,1
tabl,1
mid,1
amen,1
ladl,1
tea,1
bien,1
mlg,1
chappi,1
imslow,1
thefaldor,1
hedid,1
juliatruong,1
treat,1
din,1
cgevbvfo,1
nikki,1
order,1
dih,1
chanler,1
swag,1
justin,1
iamtop,1
dkc,1
thewbdotcom,1
klinkt,1
dinosaurio,1
mmm,1
lucymari,1
jew,2
qualiti,2
regard,2
luther,2
whack,2
hangin,2
thisisntfunnymichaelstopit,2
jonahwashisnam,2
fernandez,2
leuker,2
grab,2
brown,2
dhaniekratna,2
rock,2
obviou,2
niall,2
border,2
hasta,2
bajon,2
ftyi,2
muri,2
hell,2
songsilov,2
offic,2
freez,2
tvshowsilov,2
stephaniefay,2
drug,2
fabiovoloo,2
amigo,2
halloween,2
patron,2
trust,2
facial,2
insult,2
cara,2
mazinha,2
carl,2
marshal,2
caso,2
indignado,2
femal,2
expres,2
giraff,2
irl,2
drill,2
sooo,2
adekunlegold,2
lili,2
jose,2
linc,2
limp,2
cheer,2
medic,2
papel,2
allisonfrahn,2
glass,2
junkyp,2
came,2
stillkindofhottho,2
visit,2
nevergetsold,2
emilydina,2
black,2
death,2
efectivo,2
view,2
girlfriend,2
sode,2
boat,2
sin,2
hannah,2
michel,2
coup,2
cour,2
agent,2
angl,2
miketw,2
vida,2
igetalotthat,2
sei,2
agan,2
score,2
miran,2
wisdominchain,2
lolfish,2
terribl,2
felt,2
studi,2
yroldself,2
ilovey,2
atkinson,2
loool,2
dunno,2
shower,2
common,2
later,2
boss,2
savori,2
yasmin,2
unreal,2
ninakcarrol,2
sum,2
bowl,2
vaniti,2
feet,2
scrambl,2
outdoor,2
malibu,2
thebrest,2
tristajillian,2
blissfulfic,2
llamado,2
comedi,2
steal,2
sexiestmal,2
luvlyyx,2
rest,2
bryan,2
dice,2
rhythm,2
bonn,2
stopit,2
bacon,2
ignor,2
smoker,2
salvador,2
entir,2
propos,2
ahhh,2
faragh,2
crabb,2
jcrice,2
bruceclark,2
crack,2
sign,2
sososo,2
jtfolei,2
pai,2
rowan,2
degrassieclar,2
bby,2
bag,2
payn,2
gossip,2
pista,2
butt,2
listen,2
jajajajaj,2
wisdom,2
cantar,2
pueden,2
sensit,2
gjcg,2
eachoth,2
meant,2
kinda,2
dalesoden,2
quick,2
youu,2
lottevx,2
past,2
nice,2
pop,2
meter,2
whoop,2
quiet,2
lolol,2
yup,2
bizou,2
parec,2
bump,2
busi,2
closest,2
bush,2
rubia,2
pre,2
cindi,2
saben,2
gum,2
devilsdeheaven,2
aqui,2
pue,2
truetweet,2
suddenli,2
theme,2
beef,2
fluctuat,2
longer,2
gameswithfriend,2
instrum,2
orang,2
batido,2
puaj,2
custard,2
storm,2
fm,2
fi,2
plate,2
hazelros,2
air,2
yea,2
dy,2
nattmorri,2
licens,2
sheet,2
bear,2
bean,2
fc,2
ef,2
dean,2
dead,2
co,2
cc,2
sabemo,2
aint,2
az,2
ala,2
game,2
idk,2
af,2
ny,2
abt,2
movi,2
donn,2
month,2
pl,2
pj,2
ly,2
mo,2
experi,2
earth,2
creo,2
ju,2
notic,2
sapien,2
more,2
pued,2
gracia,2
morn,2
gico,2
eerinsmith,2
loui,2
brioni,2
crazi,2
ic,2
negaointernauta,2
ill,2
ik,2
devin,2
lose,2
blue,2
ja,2
knew,2
winner,2
cimb,2
personaj,2
grace,2
gridato,2
front,2
decid,2
nigga,2
tt,2
bathroom,2
joeeyreckless,2
ta,2
su,2
text,2
so,2
reunion,2
doinnnnn,2
repeat,2
shut,2
pasar,2
hockei,2
teta,2
open,2
cuevana,2
retard,2
porqu,2
citi,2
mujer,2
isso,2
mode,2
netbal,2
spin,2
stanlei,2
hun,2
haven,2
hgfiresidechat,2
walker,2
scooterbeanbag,2
fitzcurtain,2
fool,2
shoe,2
drape,2
geordi,2
ahaha,2
awh,2
maddhawkk,2
xxpple,2
zo,2
geektom,2
lock,2
secret,2
bought,2
peopleilov,2
leer,2
candypagador,2
rostoph,2
guess,2
llorast,2
faz,2
thatawkwardmo,2
heavier,2
capit,2
seinfeld,2
tpbderek,2
estava,2
ndose,2
foreskin,2
lembro,2
mario,2
nooo,2
skylar,2
excit,2
richard,2
chase,2
xojanel,2
celeb,2
websit,2
trista,2
youuu,2
loser,2
scarv,2
bobbi,2
dirti,2
pheeb,2
question,2
hillari,2
vers,2
nothin,2
lineup,2
nog,2
tuesdai,2
noo,2
suitcas,2
tulsa,2
plead,2
realiz,2
mark,2
thick,2
emiihhi,2
turkei,2
xrawrdemetria,2
chick,2
woo,2
bbcknowledgeau,2
abeg,2
ohh,2
gio,2
bullhoof,2
perspect,2
thigh,2
especi,2
ladybe,2
who,2
near,2
throw,2
wit,2
pone,2
win,2
chapman,2
isaac,2
cours,2
screen,2
heart,2
ozega,2
bubz,2
macaco,2
similar,2
storylin,2
foreveralon,2
imposs,2
save,2
hhmm,2
rire,2
primo,2
wax,2
fron,2
asweatyewok,2
stage,2
princ,2
podr,2
negin,2
found,2
excus,2
wtchn,2
alicekldainti,2
nunca,2
justinbieb,2
emsannham,2
fue,2
angel,2
inform,2
awwwwwwwwwww,2
explos,2
jamison,2
wolf,2
smittygirl,2
joeqb,2
cachondo,2
clearli,2
welcom,2
distract,2
abajo,2
intellig,2
grand,2
albert,2
innoc,2
york,2
deanax,2
npnoseticket,2
video,2
lydiaemillen,2
kayk,2
veo,2
concentrars,2
algo,2
explan,2
friendship,2
itsmemelissax,2
creepi,2
dar,2
prefer,2
lad,2
farm,2
creek,2
lap,2
calendar,2
hesosexi,2
badadvic,2
photo,2
hora,2
vai,2
cud,2
observ,2
bethani,2
jordan,2
shore,2
home,2
quit,2
homo,2
alon,2
thesat,2
ummmmmmpphhhh,2
twitter,2
depth,2
tava,2
entrar,2
xxxxx,2
missabbi,2
tienda,2
tast,2
coop,2
robin,2
planeta,2
cost,2
everytim,2
futur,2
invitado,2
zwaar,2
coreyscotti,2
jgreenhalgh,2
acento,2
nicol,2
send,2
uncl,2
hudi,2
convers,2
klonicki,2
allierashi,2
affair,2
darealpepa,2
uhh,2
lip,2
jiggli,2
markwilliam,2
lil,2
insid,2
lie,2
cqwjnmq,2
richter,2
slow,2
lmfaoo,2
ear,2
andrewthomson,2
mal,2
mber,2
jajajajajajaja,2
tristin,2
toofunni,2
cheater,2
street,2
delici,2
absolut,2
stinson,2
flem,2
vicki,2
chicken,2
lion,2
amor,2
starbuck,2
ator,2
adamsappl,2
friendstvfan,2
hahaaaa,2
theabiroad,2
dot,2
xtorgiex,2
nyahaha,2
thatwasbetti,2
thesauru,2
brilliant,2
older,2
ceja,2
brad,2
citasseri,2
tow,2
guai,2
shine,2
tribbianni,2
tin,2
questionsihateansw,2
feuqu,2
alert,2
cathi,2
reaction,2
der,2
dali,2
kind,2
deb,2
tuhleesuh,2
dialogu,2
mutual,2
tem,2
ted,2
martin,2
thenoteboook,2
prettai,2
bauzon,2
seriefriend,2
nofriend,2
dig,2
tho,2
meet,3
esta,3
echt,3
jaa,3
toot,3
help,3
rob,3
temporada,3
joe,3
oliviacanti,3
mondai,3
dengan,3
super,3
hacia,3
hanukkah,3
song,3
liam,3
hahahah,3
jess,3
draw,3
solo,3
friendsweek,3
sat,3
triosinolvid,3
kitten,3
corner,3
brother,3
hear,3
flipando,3
sobr,3
sir,3
sch,3
walk,3
son,3
second,3
doubl,3
mother,3
stuff,3
taught,3
dawson,3
brain,3
orangotag,3
memulai,3
bermanfaat,3
grow,3
thesofiewai,3
tan,3
heaven,3
figur,3
window,3
eddi,3
book,3
ofzo,3
boi,3
hab,3
chatupsai,3
pal,3
final,3
pensando,3
paul,3
ilir,3
shanefilan,3
plan,3
poo,3
blood,3
complet,3
rosstoph,3
zurullito,3
crush,3
cap,3
cab,3
nada,3
estan,3
bromanc,3
nonton,3
jajajaja,3
store,3
gb,3
furnitur,3
ahh,3
beat,3
aha,3
eh,3
lego,3
dear,3
long,3
bu,3
bestttttt,3
abr,3
board,3
pa,3
ikfp,3
unbeliev,3
spell,3
id,3
vriend,3
iv,3
local,3
smart,3
greater,3
spot,3
hoi,3
bambi,3
readi,3
hari,3
uf,3
hug,3
st,3
hang,3
indanzon,3
arg,3
fort,3
monei,3
pair,3
semoga,3
ze,3
ass,3
phoebebuffai,3
jackriewoldt,3
yu,3
pheebi,3
broke,3
classic,3
brynnlaamb,3
guitarist,3
phil,3
puedo,3
curiou,3
mate,3
epi,3
era,3
esa,3
georg,3
joeytuesdai,3
mile,3
libro,3
upset,3
mind,3
minu,3
egg,3
ehh,3
special,3
februari,3
bracelet,3
assisti,3
luziacarrero,3
smelliotsnotti,3
jessicabooth,3
coupl,3
evan,3
alweer,3
invit,3
fun,3
definit,3
fri,3
condon,3
clip,3
frm,3
ooo,3
ook,3
evil,3
snowwwwwyi,3
kelso,3
fall,3
chloe,3
onc,3
hahahahaha,3
voi,3
perfect,3
fine,3
channel,3
clau,3
hous,3
pheobi,3
bing,3
bassist,3
carri,3
green,3
doinggg,3
cyberm,3
tipo,3
heett,3
alexamichell,3
swear,3
valentin,3
drunk,3
loveit,3
joseph,3
sandribulario,3
huge,3
una,3
prison,3
gusta,3
match,3
christma,3
adam,3
mav,3
least,3
fjuhljor,3
thursdai,3
alright,3
spike,3
wednesdai,3
option,3
mom,3
relationship,3
dog,3
acordar,3
toi,3
jajajajajaja,3
awkward,3
record,3
version,3
harsimran,3
grownup,3
ohyoumeanami,3
shirt,3
eyebrow,3
lack,3
direction,3
summer,3
legend,4
tanto,4
easili,4
londr,4
caus,4
howyoudoin,4
head,4
sure,4
paper,4
full,4
chri,4
ser,4
sandwich,4
soo,4
soi,4
freezer,4
awai,4
read,4
inkcred,4
snow,4
turn,4
episodio,4
white,4
friendsshow,4
bring,4
anim,4
offici,4
roommat,4
side,4
dfact,4
appelerait,4
box,4
usted,4
bbb,4
chistoso,4
feminina,4
star,4
spoon,4
whole,4
iquot,4
dustinmartin,4
changer,4
goe,4
believ,4
cat,4
dork,4
jajajajaja,4
bro,4
arahmi,4
itsjaydensworld,4
roxannegee,4
heyhowyoudo,4
stori,4
ghost,4
breath,4
breast,4
aw,4
ag,4
yai,4
on,4
move,4
zayn,4
jean,4
jo,4
lover,4
divorc,4
act,4
clint,4
vi,4
plow,4
hoe,4
hernia,4
qui,4
himym,4
ask,4
barton,4
xxx,4
madr,4
surgeri,4
fav,4
wonder,4
punch,4
rate,4
pourrait,4
jaja,4
chebbyblair,4
wtf,4
high,4
pacei,4
milk,4
ela,4
nom,4
non,4
male,4
blow,4
wed,4
mike,4
aren,4
comida,4
tokyo,4
novio,4
geniu,4
officequotesnet,4
cual,4
chester,4
promis,4
duck,4
coffe,4
dude,4
fave,4
danconnor,4
dad,4
dan,4
cooki,4
bestfriend,4
bigger,4
obsess,4
post,4
saturdai,4
season,4
meo,4
laser,4
ador,4
true,4
frank,4
edward,4
catch,4
danc,4
king,4
del,4
hahahaha,5
jai,5
twin,5
freak,5
gameshow,5
here,5
understand,5
drink,5
tribianni,5
jordanleepatton,5
sad,5
charli,5
teach,5
kid,5
mejor,5
chandlerb,5
justmeagleek,5
rossel,5
actor,5
suck,5
awar,5
wrong,5
matter,5
stai,5
falar,5
estoi,5
sing,5
idea,5
ey,5
er,5
qdo,5
da,5
amo,5
ok,5
fastest,5
na,5
bitch,5
hr,5
ho,5
place,5
tu,5
half,5
qu,5
track,5
imagin,5
shit,5
awesom,5
far,5
eso,5
everydai,5
jajaja,5
mine,5
dream,5
getglu,5
total,5
number,5
apart,5
ojo,5
genio,5
dumb,5
rach,5
fridg,5
brush,5
fix,5
grape,5
bill,5
hold,5
short,5
minut,5
cook,5
ugli,5
seen,5
com,5
cry,5
quem,5
tien,5
sister,5
met,5
men,5
disappoint,5
gent,5
weird,5
santa,5
kick,5
lmfao,5
jona,6
teacher,6
happen,6
model,6
diag,6
claud,6
didn,6
bit,6
tonight,6
hit,6
ben,6
dinner,6
sport,6
btw,6
fb,6
trata,6
michael,6
il,6
part,6
school,6
pr,6
hate,6
hahah,6
watchin,6
boyfriend,6
won,6
barnei,6
style,6
break,6
gai,6
cute,6
jokelam,6
peoplethatilov,6
refer,6
siempr,6
cut,6
famili,6
sound,6
monkei,6
mai,6
last,6
sexual,6
date,6
peni,6
die,6
told,7
grei,7
hello,7
scene,7
theoffic,7
group,7
partner,7
maxthew,7
sex,7
feed,7
dwight,7
hav,7
pam,7
bed,7
youtub,7
por,7
pra,7
wear,7
he,7
sheemahasanat,7
eu,7
em,7
be,7
al,7
uh,7
us,7
pant,7
rachael,7
yo,7
appel,7
layer,7
encanta,7
est,7
start,7
wow,7
close,7
todai,7
rage,7
face,7
hace,7
went,7
fail,7
ver,7
hope,7
talk,7
great,7
reason,7
cool,7
come,7
extra,7
beauti,7
damn,7
kill,7
dio,7
joke,8
took,8
jam,8
run,8
world,8
set,8
that,8
big,8
week,8
bui,8
entertain,8
di,8
mr,8
hi,8
hot,8
tdude,8
aww,8
hard,8
keep,8
si,8
kramer,8
year,8
fransexu,8
mayb,8
attract,8
opinion,8
cuando,8
quiero,8
happyend,8
motto,8
work,8
tribiani,8
take,8
cow,8
person,8
laisa,8
first,8
sleep,8
thought,9
felliphealmeida,9
towi,9
check,9
stupid,9
pretti,9
funniest,9
bad,9
pee,9
ep,9
ago,9
friendsquot,9
um,9
te,9
hand,9
made,9
rememb,9
end,9
happi,9
cloth,9
okai,9
con,9
tri,9
amaz,9
ah,10
os,10
ma,10
je,10
fat,10
fan,10
van,10
let,10
seriado,10
eat,10
tempo,10
women,10
igetthatalot,11
put,11
go,11
ur,11
para,11
point,11
xx,11
right,11
melhor,11
hair,11
tweet,11
sweet,11
live,11
moo,11
saw,12
mermaid,12
gonna,12
sorri,12
photoset,12
girl,12
ye,12
lmao,12
thank,12
duplasinolvid,12
phone,12
challeng,12
woman,12
shark,12
todo,13
line,13
call,13
sexi,13
dont,13
im,13
loneli,13
london,13
kiss,13
back,13
learn,13
joeyessex,13
fuck,14
seri,14
tell,14
god,14
actual,14
xd,14
se,14
marri,14
blanc,14
spend,15
give,15
make,15
leblanc,15
topgear,15
moment,15
wai,15
babi,15
name,16
hilari,16
mi,16
ya,16
word,16
wanna,16
real,17
feel,17
down,17
favorit,17
ve,17
birthdai,17
como,17
well,18
try,18
ha,19
ll,19
peopl,19
essex,19
new,19
yeah,19
miss,19
need,19
still,19
thoughtswhenilookinthemirror,19
wait,20
night,20
le,20
onli,20
follow,20
plai,21
mean,22
hei,22
am,23
un,23
omg,23
favourit,24
littl,24
tribbiani,25
laugh,26
remind,26
see,26
share,27
es,28
show,28
old,28
life,29
gui,29
lo,29
matt,29
now,29
man,29
la,30
tv,30
hahaha,31
speak,31
gear,31
doesn,32
charact,33
funni,34
food,34
wish,35
time,35
doin,36
don,36
top,36
voic,39
quot,39
haha,41
en,43
lt,44
think,44
french,44
dai,45
el,50
episod,53
look,54
know,54
sai,56
lol,60
want,62
best,67
can,70
watch,74
gt,75
monica,121
rachel,136
de,141
phoebe,150
love,175
like,198
ross,207
chandler,245
joei,1553
friend,1570

