total,3298
competi,1
jeh,1
piun,1
mania,1
diga,1
caga,1
cael,1
meeu,1
uhhh,1
answer,1
thecourteneycox,1
sopaa,1
digo,1
dawn,1
bakeshop,1
yunsun,1
perfectttt,1
tome,1
truck,1
safadinha,1
hannahforsyth,1
somuchlov,1
cleaningcleaningclean,1
thisisntfunnymichaelstopit,1
pitt,1
join,1
comprometen,1
groov,1
legend,1
reliev,1
dayz,1
echt,1
fuga,1
dijo,1
jab,1
took,1
diner,1
jau,1
basic,1
jar,1
guapa,1
marmarladi,1
jaj,1
beckkkaroo,1
station,1
jugar,1
soswollen,1
tanta,1
mistress,1
xwiprc,1
muck,1
perfeita,1
sandrauala,1
prattprattpratt,1
wheeler,1
keysiewatp,1
menudatomaduradepelo,1
hmmmmm,1
toqu,1
identifi,1
rat,1
moondanc,1
spillerlaw,1
pronunciar,1
matrimonio,1
mrswrestlemania,1
jcl,1
meio,1
horita,1
poorjudg,1
banoxvb,1
anaiblgonzalez,1
lololz,1
ubzonepg,1
selleck,1
cada,1
fanci,1
locona,1
brown,1
philanthropi,1
melopaternina,1
laurachif,1
supergirl,1
roci,1
ercho,1
acaba,1
sheishilari,1
fingia,1
mmoulson,1
support,1
jxjlto,1
ron,1
vamo,1
cqgr,1
randomthought,1
conformo,1
speedi,1
hmmm,1
kaylaemd,1
zfefxahj,1
easili,1
overus,1
joan,1
emilybieb,1
truli,1
virar,1
meghanreynold,1
whini,1
moverhair,1
britannia,1
flowtab,1
girlietweet,1
jorgerdelagala,1
iremisslollipop,1
nizzar,1
catwoman,1
avslutn,1
jennhobbi,1
reencarnaci,1
rumour,1
yesaliensexist,1
oldepisod,1
meow,1
rid,1
michaellamarz,1
uhasuahsuah,1
mercado,1
westcoaststateofmind,1
merienda,1
mundosopuesto,1
anissamusiq,1
pichnett,1
drink,1
stoplight,1
cheat,1
danaca,1
libr,1
isn,1
hubiera,1
suggest,1
coinced,1
imsexybecaus,1
conoci,1
titter,1
marsxdon,1
pide,1
ajudar,1
meta,1
deber,1
graffiti,1
worker,1
meto,1
lianna,1
pinch,1
trust,1
pica,1
cxgc,1
itsjusjaysworld,1
cheeki,1
scientist,1
cari,1
cbreezi,1
vist,1
armbiaf,1
informador,1
caso,1
cupcak,1
mundial,1
queria,1
rub,1
qrhfw,1
teacher,1
baixo,1
song,1
estefan,1
liar,1
elmimoluima,1
mechellei,1
opposit,1
uwvwcb,1
friendsni,1
televi,1
wwnoizkl,1
kekonyolan,1
qjnklueb,1
hahahah,1
coincidencia,1
uuatuvxq,1
sexiestfemal,1
rodvercetti,1
bater,1
sab,1
hasudsahudhsauhdusahud,1
dancesxd,1
bbytsreb,1
solo,1
awesomesauc,1
knoooow,1
drive,1
morgan,1
sola,1
ping,1
cozuf,1
rachgel,1
jett,1
penita,1
jfvvqbr,1
jasminejemimax,1
pragyasxna,1
san,1
grown,1
somo,1
dando,1
knooowww,1
fighter,1
bridesmaid,1
paaakybv,1
broken,1
laura,1
zeta,1
noiva,1
cait,1
fund,1
recuerda,1
representingni,1
furtado,1
goddam,1
hacer,1
fuckyeahfriend,1
gisel,1
full,1
debra,1
glass,1
chri,1
sammi,1
jeann,1
neuros,1
thepioneerwoman,1
acuerdo,1
televisi,1
vien,1
humedad,1
postlar,1
partner,1
nevergetsold,1
black,1
kit,1
nhwyj,1
elliot,1
llorando,1
anch,1
confirmo,1
decent,1
ocean,1
emotivo,1
danielkrep,1
histori,1
bautizara,1
espaci,1
escola,1
sir,1
sip,1
sin,1
background,1
prwxprth,1
cheguei,1
anal,1
siestecilla,1
yangqui,1
pipocacafecinem,1
brainstorm,1
angi,1
chandlerb,1
amorzinho,1
bodi,1
ultim,1
nite,1
madbess,1
brittana,1
nonono,1
verdadero,1
cadalococonsutema,1
wake,1
recuerd,1
alpha,1
ophelia,1
undstand,1
feud,1
sei,1
sem,1
chitrangdha,1
cher,1
rockin,1
scschultz,1
combina,1
sockbunni,1
dcdu,1
som,1
erin,1
emotion,1
awwwwwwwwwwwnt,1
filmlawy,1
everyon,1
viol,1
polar,1
salido,1
mmmh,1
iren,1
hunter,1
second,1
sete,1
chat,1
adesivo,1
freind,1
causa,1
taylorr,1
level,1
slb,1
aulaa,1
grupo,1
dalla,1
jessiccanicole,1
mother,1
byrne,1
terribl,1
sera,1
erhw,1
subt,1
imnotok,1
forevaa,1
dejar,1
xkbzn,1
scoop,1
iflookscouldkil,1
kkk,1
teamfollowback,1
simliar,1
dejah,1
cathedr,1
sesi,1
vile,1
sma,1
felt,1
chocolatinagg,1
smc,1
wrote,1
febe,1
quieren,1
dolor,1
chenler,1
mfpiraino,1
snow,1
jya,1
bandwagon,1
siesta,1
favorita,1
loool,1
crime,1
fellow,1
soooo,1
ygrqoo,1
undress,1
babyi,1
gemaaaa,1
jajajajajajajjjjjjjjjj,1
westwingwolf,1
later,1
rapemuch,1
boss,1
crianca,1
haveyousheenm,1
casars,1
pgfksytw,1
crackwhorexpr,1
toodl,1
rell,1
goaskfrancesca,1
unreal,1
confes,1
habla,1
stung,1
yumnatarian,1
worthi,1
bukkak,1
caromtorr,1
assoi,1
djnoreenkhan,1
pearl,1
jerri,1
jacei,1
rooom,1
stylist,1
casava,1
stilllovefriend,1
accent,1
bride,1
kudo,1
honour,1
terminada,1
connec,1
jackjackjack,1
blink,1
mostra,1
beaten,1
txzbbx,1
falta,1
amelialcampbel,1
antimattergui,1
samlyna,1
camel,1
wrangler,1
kaz,1
weather,1
wine,1
amraz,1
rudd,1
crystaljigsaw,1
whinei,1
zyr,1
kai,1
dancinha,1
encontrarno,1
mindblown,1
seguro,1
anim,1
aniv,1
achava,1
shezgotyouhigh,1
iarg,1
charleydolan,1
flowtabdemonight,1
brant,1
wereld,1
luchamo,1
enamora,1
gveejown,1
stud,1
alicesofield,1
steam,1
diet,1
jshljp,1
rnjnk,1
alejandra,1
yennjurh,1
salir,1
bola,1
castillo,1
offici,1
organizar,1
wire,1
bellucci,1
window,1
wave,1
rest,1
behaviour,1
haber,1
sofro,1
pssh,1
dica,1
entra,1
tzzcei,1
wasn,1
chillin,1
matter,1
wast,1
notcoolbro,1
onedai,1
rubbish,1
book,1
anna,1
bright,1
bacon,1
fwkk,1
smidl,1
colour,1
myfutur,1
lynett,1
intonow,1
sibl,1
kensleylaw,1
qkioirkd,1
completament,1
profe,1
discuss,1
rival,1
dikrjain,1
goodby,1
ejemplo,1
erogen,1
sitio,1
defini,1
thewb,1
greili,1
riannemollart,1
seduc,1
ham,1
bod,1
jacobhoggard,1
boa,1
yoenlasseriessoi,1
volta,1
belieberssrauhl,1
iuda,1
tvfriendsquot,1
billionth,1
issyclair,1
heeeei,1
gregorrrr,1
philippin,1
funnier,1
bpx,1
xotici,1
pad,1
kissingpink,1
pai,1
euphoria,1
alonso,1
lyrdst,1
tashaabristow,1
bow,1
voglio,1
hel,1
volo,1
nash,1
mixedgirlbarbi,1
smile,1
hen,1
phi,1
ban,1
baj,1
sadandashti,1
bac,1
conorlynn,1
andrewdelpercio,1
celebr,1
bap,1
supermarket,1
proof,1
escondit,1
hospit,1
plea,1
ella,1
klassmyleen,1
listen,1
haqbkoq,1
star,1
herfac,1
canta,1
caderno,1
hermoso,1
piccolozaharoff,1
tomhancox,1
preciousjoubert,1
bett,1
bff,1
neighbor,1
parecida,1
creativ,1
pavo,1
betsygraychild,1
smokin,1
mnmartinn,1
tripolar,1
morena,1
tribut,1
catleyaa,1
relpi,1
ranaisadol,1
ben,1
katlyn,1
paul,1
whole,1
chloehubbard,1
quick,1
cincinnati,1
demasiado,1
mekhi,1
melani,1
sandra,1
daltonpac,1
prota,1
concepti,1
whitehous,1
pic,1
past,1
hasuhaushshua,1
pass,1
shanefilan,1
kinpech,1
faltan,1
pin,1
aehiaeuhaiu,1
earn,1
corwin,1
pop,1
estiv,1
grandeza,1
esperar,1
prove,1
prova,1
volvemo,1
ajajajaajajaj,1
goodnight,1
nickybyrneoff,1
quier,1
parec,1
goin,1
ppl,1
pelada,1
goodolddai,1
inolvid,1
gunnna,1
awwwww,1
param,1
whore,1
parad,1
aaaahhhhh,1
pml,1
ltimament,1
crunk,1
kardashian,1
gold,1
gawd,1
qtpuknc,1
ashle,1
weed,1
sorri,1
llorar,1
buffa,1
hopefulli,1
oomf,1
wuce,1
taylor,1
bene,1
adskn,1
gqf,1
ltima,1
xsallygrai,1
pellorivera,1
imagina,1
pub,1
pbnhu,1
ayyi,1
hahahahahahahahahahaa,1
minutillo,1
burk,1
canon,1
kxkjryh,1
rutin,1
itsm,1
pqe,1
dorm,1
estou,1
diiiiiisgust,1
emir,1
rqyakmig,1
receptionist,1
yoo,1
cuplikn,1
specif,1
cba,1
goon,1
misma,1
rypictur,1
mismatch,1
ttplqfab,1
hamer,1
cindi,1
thismakesmefeelawesom,1
geezu,1
aldoprincess,1
remet,1
saben,1
rimha,1
nada,1
pbkf,1
nadi,1
gsu,1
candi,1
gamez,1
amockingjai,1
elys,1
surfac,1
prefiro,1
namast,1
msukkwzk,1
aqui,1
qualcosa,1
imtiaz,1
eqcizark,1
pue,1
frasesparafrikart,1
howrelev,1
whatsrock,1
imita,1
oydchwrw,1
remeb,1
ataqu,1
gun,1
juega,1
certo,1
usar,1
cinco,1
gang,1
ykfikeqx,1
jule,1
laurencarless,1
hahahahhaha,1
moodi,1
juli,1
beet,1
mascara,1
thhiiissss,1
vuitton,1
sino,1
tcomplain,1
adilmasood,1
klepto,1
johnnaannx,1
gameswithfriend,1
sosad,1
complim,1
north,1
fatti,1
ajjajajajajajjajjajajaja,1
orang,1
meencanta,1
toner,1
paren,1
dumber,1
exist,1
primeira,1
organ,1
hotmail,1
agra,1
saporra,1
follando,1
porsch,1
josephmorgan,1
deet,1
calarcon,1
nnarb,1
iam,1
pllleeeeaaaaasssseee,1
gc,1
bullshit,1
gf,1
storm,1
michelledagama,1
kaelynburk,1
ff,1
fi,1
ft,1
travi,1
breath,1
fangirl,1
asjdajdsad,1
hd,1
he,1
xxfuckabitchxx,1
aim,1
gg,1
malgali,1
oddio,1
gr,1
pacaran,1
gift,1
dy,1
overreact,1
qbl,1
ed,1
associ,1
lool,1
lineag,1
anlamasam,1
bear,1
cracker,1
fb,1
fc,1
gain,1
exclusivo,1
shag,1
biljaminai,1
agn,1
torcia,1
qdo,1
aquel,1
calefactor,1
normal,1
descobr,1
capaz,1
tommi,1
tammi,1
rebaja,1
lisakudrow,1
mafeer,1
cuatro,1
tinha,1
playa,1
ant,1
weekli,1
cierto,1
probara,1
gile,1
pedindo,1
rachyyroox,1
itch,1
cr,1
co,1
haciendo,1
cl,1
amp,1
collect,1
ami,1
sentei,1
unagiiiii,1
ama,1
kvzk,1
funfact,1
gala,1
passa,1
mudanza,1
youknowwhat,1
alg,1
diego,1
housew,1
maggi,1
at,1
ax,1
av,1
genuin,1
trabajo,1
judg,1
ap,1
color,1
judd,1
retweet,1
necesito,1
gangster,1
ida,1
ad,1
housem,1
puntata,1
existido,1
demo,1
replic,1
nu,1
np,1
abi,1
aprend,1
ny,1
pajawanspqr,1
mcknight,1
madelynnsue,1
kijktip,1
om,1
vacationbraid,1
ou,1
aaa,1
playin,1
delt,1
pf,1
konstantin,1
battl,1
region,1
joaquinvicent,1
lm,1
ls,1
fearn,1
llorado,1
dskgjlkgjfldgjdflkgjdlfkjlkdjflkdsjgldkjfldksjaklsjfdkljldjljdkfd,1
morethingsaboutbrook,1
dele,1
mt,1
mu,1
ayer,1
hootenanni,1
nf,1
account,1
deki,1
jean,1
jx,1
jy,1
coreografia,1
reveal,1
jl,1
notic,1
traje,1
jk,1
herwai,1
gracia,1
trait,1
mkline,1
kv,1
smurfgron,1
ini,1
loud,1
eerinsmith,1
loui,1
lectur,1
vanilla,1
evlendi,1
justcindeh,1
lesa,1
ado,1
hp,1
shazrazzamatazz,1
hermanita,1
id,1
xxcd,1
amanha,1
agenda,1
crimen,1
crackingup,1
gadl,1
sexyaf,1
weakest,1
deff,1
ada,1
jg,1
newgirl,1
blue,1
funcion,1
hangout,1
ohwait,1
atrasada,1
xb,1
aza,1
pudiera,1
wn,1
wp,1
notfunni,1
cansar,1
chorei,1
loaf,1
papp,1
readi,1
abfupackmov,1
desd,1
yami,1
decir,1
give,1
samanthajohn,1
lexu,1
vo,1
aww,1
grade,1
vd,1
occhi,1
latruckwagon,1
ui,1
porki,1
park,1
bukolawumi,1
uf,1
pari,1
retir,1
veryl,1
front,1
ut,1
aizngagr,1
tripl,1
dess,1
pasa,1
ub,1
mighti,1
tr,1
pull,1
tp,1
half,1
tf,1
akriedyj,1
th,1
amount,1
embrac,1
tb,1
texa,1
apesta,1
sy,1
everybodylovesraymond,1
sw,1
sk,1
shallow,1
jonathan,1
milion,1
sd,1
pump,1
kourtnei,1
lensm,1
phonei,1
consegu,1
ablarno,1
ro,1
heladera,1
cywvsqo,1
hann,1
ri,1
rd,1
lento,1
wmmclnyz,1
ibgross,1
shut,1
xox,1
alovelybean,1
nbae,1
pantyhos,1
foto,1
shell,1
declaran,1
relax,1
test,1
arh,1
open,1
relat,1
devast,1
delta,1
pesada,1
ahol,1
forr,1
present,1
marcado,1
bvfi,1
ijonasstyl,1
bossi,1
buenisimo,1
lauren,1
mujer,1
tomorrow,1
pair,1
isso,1
pain,1
lauramm,1
bvia,1
novo,1
emocionar,1
practic,1
theboyismin,1
mock,1
weapingpathet,1
rtusd,1
ahhhh,1
nacist,1
imani,1
attack,1
shop,1
chanlder,1
dollhous,1
jersei,1
proper,1
whatev,1
font,1
unedit,1
lizbeth,1
awn,1
kondescen,1
hasn,1
zd,1
ze,1
ebai,1
momentazo,1
tomar,1
zo,1
natlaskowski,1
urgent,1
lock,1
wktu,1
apresentando,1
robbin,1
acoust,1
shakin,1
multimedia,1
deprimida,1
unplacerinesperado,1
yr,1
clipe,1
disappear,1
roomat,1
appart,1
lovestruck,1
lezzi,1
kellyj,1
nois,1
moniquelyne,1
fabianmar,1
soasuzaaa,1
torijgr,1
feb,1
looong,1
comedia,1
aseo,1
nem,1
ndy,1
ponto,1
frannktheetank,1
sarah,1
ledg,1
hermana,1
broke,1
dizzymslizzi,1
lewissudworth,1
serbgoinham,1
spoken,1
hizo,1
andress,1
march,1
enjoi,1
jakemargl,1
faz,1
awkwardli,1
fam,1
jijiji,1
anfitriona,1
romp,1
nao,1
nap,1
direc,1
whenfavoritescollid,1
rotina,1
idyxnaxz,1
kianna,1
bababoo,1
estamo,1
elain,1
pearson,1
layer,1
watchin,1
phew,1
jdmcsmith,1
igual,1
maid,1
francybrownpayn,1
seinfeld,1
honei,1
allerg,1
rose,1
session,1
rosa,1
personalment,1
stillloveh,1
authent,1
notm,1
onmvrbb,1
dirait,1
water,1
faith,1
leblanc,1
cabelo,1
tener,1
empti,1
boyfriend,1
lilce,1
nose,1
lifetim,1
penni,1
rosetta,1
ndchen,1
awiwai,1
youll,1
xdd,1
action,1
matthewzap,1
nelson,1
ajvoxig,1
adoooro,1
cabello,1
laureneisenhart,1
hahha,1
rutiiiin,1
curios,1
mucho,1
beatl,1
scale,1
suprem,1
rossello,1
bdai,1
nooo,1
krystal,1
festejan,1
bethanyrobb,1
rato,1
hermion,1
ewww,1
reuniam,1
superhero,1
resid,1
mxx,1
veze,1
omfg,1
scottish,1
produc,1
hint,1
nonz,1
momma,1
ojdabyk,1
nombr,1
nye,1
esp,1
momanddad,1
hide,1
hanijadenf,1
yeap,1
whislt,1
baixar,1
california,1
naranjo,1
critiqu,1
fhgrg,1
copadoro,1
everydai,1
watersh,1
personagem,1
eva,1
marcel,1
quinna,1
heathermrri,1
frannylaa,1
mixer,1
feverwyatt,1
quickli,1
num,1
csjzzvw,1
mata,1
phebe,1
phebi,1
phenomen,1
youuu,1
limpieza,1
lanadelrei,1
chama,1
grandchildren,1
preciosa,1
nse,1
djblackoutmus,1
dirti,1
efglfif,1
didnt,1
child,1
karaok,1
soooooo,1
nosotra,1
dilanjut,1
assistindo,1
recount,1
hillari,1
segundo,1
mayb,1
effect,1
riendo,1
admito,1
mitico,1
segunda,1
lovenhaterelationship,1
nrinpl,1
reallli,1
rollo,1
sesso,1
grandchild,1
ukiprieto,1
garibai,1
comprom,1
misstoscabi,1
highschool,1
tulsa,1
consid,1
stoker,1
foetu,1
spoiler,1
male,1
oroaikmi,1
chair,1
chain,1
vend,1
diria,1
inha,1
rituitan,1
malo,1
lmica,1
belong,1
phifer,1
hecho,1
lesbian,1
ehm,1
buzzbishop,1
mark,1
axxpr,1
fasdefriend,1
thick,1
wrm,1
carolinebechtel,1
turkei,1
thrash,1
gemishurri,1
eig,1
adventur,1
ergun,1
middl,1
chica,1
preboda,1
punto,1
greatest,1
vejo,1
tenso,1
cristinatarifa,1
incr,1
iyiydi,1
jami,1
locossssss,1
mountain,1
moniqu,1
comprei,1
search,1
estilo,1
jimmycook,1
resembl,1
forreal,1
chibi,1
coleslaw,1
jaymarshal,1
adelehaz,1
celta,1
sarahgibsonx,1
entend,1
qozk,1
palermo,1
seria,1
socal,1
pooper,1
serio,1
argu,1
frio,1
jackieeebabe,1
fuckrocketqueen,1
doctor,1
poli,1
lxoxo,1
nuevo,1
opinion,1
frig,1
gabehart,1
velula,1
roland,1
shouldn,1
larson,1
abbi,1
todav,1
neat,1
bethanymulki,1
wjd,1
ultimo,1
pong,1
fitt,1
shinybiscuit,1
matziri,1
molan,1
descubren,1
flick,1
olvidado,1
unica,1
conoc,1
roast,1
personalidad,1
entera,1
menti,1
stomach,1
persona,1
cura,1
bacineandoando,1
bread,1
import,1
centran,1
facil,1
ynjlwijq,1
screen,1
whyyyi,1
allah,1
gosta,1
hefmxcqh,1
traffic,1
neni,1
carolina,1
rgoqgyd,1
gap,1
howdoicheat,1
heard,1
shellfish,1
conspira,1
ficam,1
dollar,1
emiliacarolina,1
similar,1
soporto,1
happywrit,1
viera,1
healthi,1
dcdifranco,1
johnnisdope,1
friendsforev,1
monicaaaaaaa,1
justsayin,1
angrysharksturnyouon,1
concorda,1
gwiybxof,1
imposs,1
lowkeyjg,1
save,1
calzona,1
tunci,1
pulpsong,1
dlss,1
dicen,1
faberri,1
znciqkki,1
champion,1
aaaaaaaaa,1
comparison,1
ucla,1
staci,1
cotton,1
wan,1
propenso,1
alicia,1
heartlieswithjb,1
stage,1
favarito,1
risa,1
poem,1
fyu,1
definitivament,1
icandoit,1
susan,1
aribradshaw,1
duva,1
diretor,1
mandarin,1
zlar,1
phenomenon,1
ficg,1
declara,1
insuper,1
involv,1
kitchen,1
fyd,1
empezar,1
fibi,1
sandyguti,1
complain,1
split,1
face,1
theoriginalbul,1
breakfast,1
next,1
mientra,1
mojuba,1
breve,1
geniu,1
conserv,1
culo,1
inner,1
tudo,1
sweeti,1
nerd,1
heyyi,1
woke,1
jjjj,1
ilovenickjona,1
mient,1
agedifferencerelationship,1
btch,1
ketauan,1
nonsens,1
esquecerei,1
fui,1
ontwikkel,1
joynesa,1
assistir,1
android,1
perfekt,1
geschlecht,1
mhvm,1
maximo,1
arrumar,1
korna,1
butwhatthefuck,1
cuanta,1
jajajajajajajajajajajajajajajajajajajajajaja,1
hadaboutenough,1
foo,1
marathon,1
incluso,1
hayleymeng,1
fiji,1
viu,1
fait,1
jorjor,1
ajajajajaja,1
definitavement,1
aterrorizado,1
weon,1
compart,1
mutsch,1
quero,1
ashlei,1
cuba,1
ollieginhd,1
fml,1
hhahaha,1
suppos,1
cabeza,1
singkates,1
fala,1
daaah,1
mingl,1
embarazado,1
fridg,1
okc,1
quemo,1
silli,1
wiiiit,1
fly,1
chloe,1
jcropp,1
lista,1
fazer,1
underwold,1
chanlier,1
miedo,1
jeremi,1
lloro,1
fiz,1
minuto,1
rico,1
vou,1
passion,1
vow,1
cherri,1
rachellmuirhead,1
voz,1
fill,1
duda,1
filu,1
nicknam,1
cvtip,1
rica,1
ocdisntajok,1
dude,1
nlrsrb,1
hsauauhashuusa,1
besti,1
limpiaba,1
pesadisima,1
feelingsrt,1
encor,1
ndan,1
tienen,1
categor,1
mgbakri,1
panick,1
indimenticabil,1
twelv,1
alem,1
alex,1
boooooo,1
consigo,1
zfrhx,1
diazz,1
wick,1
scarlettdw,1
hott,1
noooo,1
mixtur,1
quedo,1
qodedw,1
hour,1
benoit,1
hovi,1
meagan,1
bass,1
faut,1
base,1
vea,1
aunt,1
explan,1
ditch,1
kati,1
anamrz,1
kiss,1
vdd,1
prometen,1
hook,1
creat,1
guirgui,1
dat,1
val,1
bill,1
yasssseeeeerr,1
cooki,1
tourismch,1
europ,1
boooooi,1
rockstar,1
explicando,1
fari,1
rapido,1
acho,1
ethan,1
ahahhhah,1
bestfriend,1
sorprenderm,1
apartm,1
acid,1
brudder,1
enamoran,1
crazygirl,1
sophiezigmond,1
obsesi,1
hablar,1
cui,1
vegaa,1
historia,1
zamorafelip,1
nwdzkehx,1
respondio,1
paolinesp,1
jico,1
zorianna,1
hola,1
respons,1
startup,1
kvw,1
dustbust,1
creep,1
traybai,1
depoi,1
amadrinar,1
kkkkkkkkkkkkkk,1
ackl,1
quiz,1
fooofa,1
holi,1
ressembl,1
talktofrank,1
respondeu,1
robot,1
cuz,1
helgen,1
kfchow,1
alor,1
youneedtogiveitup,1
marriag,1
dragon,1
ranger,1
pfft,1
queda,1
kimcapilla,1
muero,1
jugando,1
firei,1
garza,1
monicamaev,1
tirada,1
cooper,1
winter,1
helenita,1
batman,1
firzzi,1
cyberm,1
enamorado,1
intenta,1
fatburg,1
thehotel,1
tienda,1
tast,1
obsess,1
quoc,1
genial,1
durer,1
wife,1
shout,1
hairi,1
iycpvdlj,1
traian,1
copi,1
seat,1
interest,1
martreiya,1
lblu,1
cook,1
gueller,1
bennyalexi,1
clo,1
heyjessikarai,1
bachelor,1
soulmat,1
babo,1
christin,1
teamfollow,1
cone,1
ugli,1
lakeshow,1
verdad,1
publish,1
baahbisaggio,1
primero,1
ydpcja,1
pennsylvania,1
margaret,1
primera,1
howtosurviveahorrormovi,1
ochocinco,1
coz,1
garag,1
furtardo,1
chicago,1
leeann,1
hogynpandi,1
smartcook,1
theworldismockingm,1
lri,1
kaci,1
gdmcflytw,1
cosa,1
futur,1
regular,1
nadador,1
kazmatraz,1
hjehz,1
kelsei,1
potato,1
compulsivament,1
preferida,1
redondo,1
empiec,1
nighti,1
everrrrrr,1
nandazr,1
ivett,1
kellyreedyi,1
mikaela,1
uni,1
prepar,1
namorado,1
shawnlakin,1
bailar,1
superbowlchamp,1
lfw,1
bake,1
gooooood,1
guerra,1
asdfghjklkjhgfdsa,1
mirror,1
godi,1
perfecto,1
lbat,1
coreograf,1
blank,1
semi,1
hnikem,1
phoebeross,1
anthoni,1
cfo,1
nicol,1
alegran,1
reunit,1
merchand,1
cold,1
eustano,1
pzoej,1
newspap,1
avai,1
chz,1
twareperfectx,1
xdddd,1
porq,1
yuni,1
gusta,1
formal,1
uit,1
hungerford,1
repris,1
ugh,1
kakm,1
convers,1
allierashi,1
pool,1
entiendo,1
achei,1
empiezan,1
soniiroca,1
sitcomgold,1
matar,1
embarrass,1
lic,1
parezco,1
feiend,1
nicki,1
joeytribbiani,1
snowman,1
damiano,1
kkkkkkk,1
dado,1
challeng,1
casaram,1
realfriendsdont,1
gellarrrrrrr,1
potitto,1
trop,1
motazh,1
stevelawr,1
gmen,1
mae,1
write,1
aneruin,1
utnaxoj,1
mam,1
max,1
finalment,1
uec,1
aleyt,1
mcb,1
obsesivaaaaaaaaaa,1
efo,1
bestshow,1
gabriellethea,1
justo,1
een,1
jordanspri,1
learn,1
bedroom,1
eee,1
vestida,1
idolo,1
straight,1
med,1
guro,1
rachiejai,1
toofunni,1
eda,1
ident,1
swim,1
onedirec,1
meo,1
vacia,1
ecl,1
carlygilmor,1
eca,1
twdoc,1
scambl,1
ect,1
beleza,1
gabybrandao,1
selinasaenz,1
cheandler,1
baila,1
peterz,1
amorosa,1
whatawaytoendit,1
dwi,1
fashion,1
breezi,1
jlflore,1
eleven,1
propper,1
lwq,1
bestepisod,1
swimsuit,1
adop,1
ideat,1
selen,1
threesom,1
true,1
adalh,1
bryd,1
capito,1
whjl,1
pobree,1
itsthehumid,1
baileyi,1
oneth,1
sooverdebt,1
tbabysav,1
agnezmo,1
maddythelad,1
peter,1
pede,1
macon,1
lobatoruben,1
escuchado,1
frase,1
friendstvfan,1
rebeccandrad,1
sexual,1
dzt,1
extend,1
heatherkopp,1
list,1
spino,1
guir,1
sezondai,1
dave,1
ganhei,1
entrando,1
trend,1
tra,1
cell,1
deannnxd,1
hyster,1
mop,1
hannmazz,1
uymb,1
venic,1
franc,1
pequ,1
repli,1
dnt,1
sleepsinwetspot,1
employ,1
qndo,1
doc,1
intan,1
casaron,1
asleep,1
mtv,1
voota,1
dars,1
diversidad,1
acordar,1
tvshowchalleng,1
isyourpineappl,1
desper,1
dari,1
pela,1
otra,1
msg,1
muah,1
madrina,1
noagenda,1
toe,1
bigot,1
hnxwjzsx,1
lanh,1
parksandrec,1
guai,1
cena,1
top,1
despertars,1
lame,1
humid,1
attackkatattack,1
success,1
dang,1
mhm,1
acabei,1
tip,1
jawfojeg,1
brew,1
herbesdols,1
clairesi,1
hahahahahahaha,1
navidad,1
morphin,1
dgn,1
alert,1
meddwl,1
dia,1
nuuuuunca,1
tempt,1
record,1
vmovshdb,1
renmarksamson,1
elevennigntclub,1
icecoolnord,1
dec,1
aanacond,1
downtown,1
deo,1
mir,1
cater,1
aquela,1
mid,1
ellianaxo,1
conlon,1
mezcla,1
pete,1
badder,1
wondegirl,1
ladi,1
mjor,1
toosoon,1
gear,1
power,1
thenoteboook,1
realiis,1
otrmbt,1
dayhodgson,1
gkgwnlee,1
ter,1
missclossx,1
jelli,1
daha,1
tosoon,1
mondler,1
dip,1
nikki,1
tvworldscollid,1
dig,1
slot,1
nobbshi,1
justin,1
bzdtxio,1
romantica,1
limpiando,1
summer,1
cvncalkr,2
cutest,2
porta,2
n,2
red,2
pita,2
hahahaha,2
cabe,2
etern,2
jai,2
organizo,2
igetthatalot,2
acabo,2
manag,2
sldtqfhk,2
muev,2
unattract,2
hasta,2
job,2
melt,2
pedida,2
laughter,2
nelli,2
quadro,2
tvshowsilov,2
drug,2
diva,2
ria,2
rie,2
wilcox,2
arent,2
friendstv,2
charter,2
buddi,2
casandos,2
card,2
marshal,2
tswift,2
betnetwork,2
liam,2
awww,2
sad,2
jesu,2
sam,2
slept,2
pink,2
triosinolvid,2
pinki,2
streak,2
newyorkhabitat,2
gross,2
bonita,2
came,2
lynn,2
ando,2
sim,2
engag,2
michel,2
stupid,2
sev,2
hhhmtfn,2
nippl,2
sea,2
seg,2
lilwayneband,2
suit,2
actor,2
programa,2
chef,2
lesson,2
soo,2
agenc,2
zealand,2
chaz,2
facebook,2
stuff,2
rinderl,2
smaller,2
baburao,2
taught,2
wabe,2
wrong,2
ainda,2
braid,2
enorm,2
dailypint,2
shower,2
daughter,2
detail,2
rociozand,2
white,2
sur,2
bowl,2
organis,2
feet,2
tight,2
tal,2
tikka,2
bahaha,2
despu,2
wank,2
dinossauro,2
steal,2
luvlyyx,2
coisa,2
cuqif,2
pisod,2
bit,2
bio,2
temp,2
entir,2
heatherthefrog,2
lmaooooo,2
messag,2
ahhh,2
han,2
hai,2
hav,2
boi,2
hab,2
keqw,2
messi,2
courteneystuff,2
argentina,2
fofa,2
pilot,2
music,2
sneak,2
bbc,2
mesmo,2
anymor,2
type,2
sinlimit,2
therealknotch,2
meant,2
team,2
kinda,2
bless,2
easi,2
sport,2
proud,2
pot,2
nick,2
voto,2
beso,2
jealou,2
mylifefforhir,2
janic,2
patriot,2
ishak,2
estoi,2
jwyghrvg,2
mismo,2
sadtweet,2
tongu,2
bra,2
buff,2
block,2
suena,2
simo,2
buen,2
theme,2
btw,2
sntir,2
bud,2
longer,2
stronger,2
samosa,2
sing,2
trivia,2
jajajaja,2
aka,2
lord,2
instant,2
magic,2
adoraguif,2
idea,2
left,2
ew,2
bean,2
eh,2
ef,2
waller,2
dear,2
asian,2
avecina,2
bk,2
bf,2
ano,2
cu,2
taylar,2
waist,2
husband,2
stole,2
ali,2
idk,2
sabe,2
yai,2
nw,2
correct,2
on,2
op,2
board,2
threaten,2
pa,2
pl,2
lr,2
surround,2
ni,2
creo,2
zilx,2
ju,2
cousin,2
ka,2
gabi,2
hs,2
hj,2
spent,2
cutee,2
il,2
je,2
xq,2
spot,2
photoset,2
wm,2
alguien,2
flashback,2
uk,2
uh,2
us,2
hug,2
td,2
bathroom,2
sb,2
protagonista,2
ru,2
yahh,2
transponst,2
dealer,2
sofunni,2
pavarotti,2
fitzcurtain,2
ahaha,2
food,2
ass,2
masala,2
geektom,2
awesom,2
role,2
dcrowlei,2
hist,2
mention,2
guess,2
garner,2
taylardunn,2
leav,2
donohu,2
naq,2
paixao,2
fck,2
apartamento,2
yetti,2
gribaldi,2
competitividad,2
liter,2
socut,2
lamejorparejaquehabidoyhabra,2
desenho,2
ess,2
kissm,2
young,2
matt,2
frizzi,2
mucha,2
thejanedoz,2
perform,2
menino,2
jamieol,2
mouth,2
cailloux,2
scare,2
pheeb,2
lineup,2
noo,2
randon,2
mano,2
mama,2
venturax,2
kisha,2
minu,2
vena,2
skip,2
yell,2
chick,2
redrac,2
reppin,2
jame,2
hollywood,2
parent,2
smoke,2
ohh,2
thezanzibar,2
poil,2
especi,2
vega,2
erica,2
barnei,2
biryani,2
ayuda,2
ocd,2
lovefriend,2
pound,2
ravalico,2
surreal,2
gag,2
talent,2
closet,2
quiero,2
poco,2
gunna,2
crowlei,2
novio,2
pleasur,2
mudars,2
morton,2
siento,2
found,2
ithinknot,2
alicekldainti,2
oth,2
fun,2
convidat,2
glad,2
ooh,2
itsdebraden,2
matthewperri,2
grand,2
letter,2
wore,2
hahahahaha,2
york,2
perfect,2
tambien,2
thunder,2
pocket,2
ughno,2
ven,2
abbybadazz,2
brighter,2
jajajajajaaja,2
wouldn,2
prefer,2
courtnei,2
hora,2
planner,2
short,2
gucci,2
alon,2
cut,2
assist,2
tire,2
wilson,2
pessoa,2
descobri,2
duplasinolvid,2
sabina,2
valentin,2
krazor,2
sweet,2
english,2
underwear,2
camera,2
hump,2
casan,2
person,2
assign,2
bailan,2
bail,2
epicques,2
sell,2
baseada,2
post,2
send,2
swell,2
tran,2
theoriginalem,2
coke,2
gametheori,2
lil,2
stephani,2
mal,2
sammorrei,2
sister,2
alison,2
maker,2
street,2
whit,2
everlong,2
adoh,2
raazmk,2
late,2
tub,2
compar,2
theabiroad,2
ohhhhhhhhh,2
hurt,2
itslikethat,2
samusg,2
hollz,2
slap,2
fussi,2
tom,2
ton,2
muu,2
mui,2
lamp,2
til,2
tsit,2
mundo,2
david,2
flysatisfac,2
chorando,2
nowond,2
vivan,2
kind,2
sprai,2
dei,2
min,2
mil,2
contra,2
tabl,2
darceyxowasaddict,2
casamiento,2
tem,2
gravida,2
encantan,2
updat,2
supongo,2
bailado,2
peux,2
junto,3
qualiti,3
dria,3
biggest,3
rel,3
zone,3
essa,3
homosexu,3
hello,3
rai,3
jacki,3
loner,3
awwww,3
imaryi,3
mess,3
miaaa,3
famou,3
piec,3
hanukkah,3
fetish,3
femal,3
irm,3
lili,3
draw,3
pint,3
shaboo,3
line,3
babygenesi,3
recuerdo,3
town,3
honestli,3
hacen,3
mirella,3
teach,3
drea,3
kia,3
discoveri,3
canal,3
sit,3
vinsmyhubbi,3
ser,3
chel,3
weekend,3
rece,3
resultado,3
worst,3
brendaa,3
studi,3
fight,3
westsid,3
assou,3
scrambl,3
bring,3
thesofiewai,3
comedi,3
anywai,3
class,3
figur,3
frasesmovies,3
angelica,3
boot,3
ofzo,3
roommat,3
parti,3
chiddybang,3
singl,3
elig,3
lotteri,3
voic,3
pee,3
plu,3
quien,3
zurullito,3
closest,3
control,3
car,3
estan,3
jspazz,3
tonit,3
ridicul,3
doesn,3
bloooood,3
store,3
virgin,3
air,3
di,3
current,3
ev,3
lego,3
trata,3
ay,3
ar,3
door,3
crew,3
mk,3
mo,3
mr,3
lovin,3
hr,3
lost,3
vriend,3
lose,3
unsoci,3
local,3
act,3
ja,3
forgot,3
harm,3
vi,3
hoe,3
rutina,3
field,3
tw,3
part,3
ta,3
ximamant,3
reunion,3
hockei,3
pr,3
page,3
gellar,3
himym,3
asi,3
cita,3
ask,3
speak,3
moch,3
greenwhich,3
xx,3
alisonblair,3
doesnt,3
pheebi,3
chanel,3
skinni,3
nbc,3
symon,3
howiron,3
ajmi,3
rare,3
ladieeej,3
nome,3
cruisin,3
problem,3
beard,3
eso,3
ahora,3
tenni,3
atten,3
charl,3
annoi,3
chang,3
jessacuhh,3
gabbi,3
jasz,3
frinkler,3
noch,3
ekotto,3
mari,3
ehh,3
jane,3
fire,3
close,3
rescheul,3
near,3
style,3
pone,3
heart,3
prima,3
differ,3
cheerlead,3
coupl,3
forward,3
alweer,3
invit,3
dumb,3
ook,3
rerun,3
snowwwwwyi,3
fin,3
fine,3
embarazada,3
kendel,3
inspir,3
channel,3
clau,3
linda,3
peoplethatilov,3
video,3
tina,3
pheobi,3
band,3
itsmemelissax,3
creepi,3
reason,3
chaendler,3
hold,3
home,3
hostia,3
heett,3
estaremo,3
sweat,3
adoro,3
cont,3
seen,3
actress,3
download,3
casar,3
avec,3
uno,3
self,3
ball,3
radio,3
christma,3
friendssai,3
alexi,3
quando,3
chicken,3
beauti,3
cougar,3
older,3
dog,3
cdale,3
scarlett,3
awkward,3
gorda,3
bien,3
ted,3
lack,3
cansomeonesayiron,3
shock,3
grew,4
zona,4
jaa,4
joe,4
oliviacanti,4
younger,4
rio,4
understand,4
pier,4
patron,4
earli,4
plica,4
papai,4
sure,4
pingg,4
ligou,4
sex,4
seu,4
design,4
seri,4
orangotag,4
sloan,4
rhyme,4
avis,4
analies,4
friendsnew,4
propos,4
ble,4
funniest,4
lvia,4
bad,4
pueden,4
bed,4
mermaid,4
amarillo,4
complet,4
simon,4
believ,4
janet,4
gosh,4
cristinapdl,4
casamento,4
xoxo,4
ahh,4
ey,4
long,4
dead,4
cc,4
tribbiani,4
bitch,4
twenti,4
spend,4
puri,4
vc,4
finish,4
hang,4
qu,4
qui,4
pq,4
aqu,4
shit,4
stranger,4
fresh,4
theonewith,4
marco,4
fav,4
far,4
room,4
classic,4
rememb,4
tengo,4
lembra,4
dress,4
daili,4
excit,4
nyc,4
jaja,4
bobbi,4
emili,4
question,4
esa,4
start,4
dream,4
mapl,4
total,4
aveng,4
banho,4
hoodi,4
neck,4
vece,4
assisti,4
novia,4
ximo,4
fica,4
villag,4
ironi,4
angel,4
clip,4
work,4
brush,4
minha,4
host,4
vez,4
client,4
friendship,4
bang,4
dar,4
fast,4
grlldcheesetruk,4
clean,4
greer,4
trailer,4
cono,4
robin,4
lunch,4
morreu,4
sound,4
everytim,4
casam,4
tree,4
huge,4
jajaj,4
wanda,4
vestido,4
supera,4
supero,4
met,4
disappoint,4
gena,4
weird,4
amor,4
wanna,4
frasespelicula,4
mom,4
relationship,4
brad,4
natur,4
pelo,4
imattdroid,4
tia,4
cedo,4
del,4
woman,4
women,4
beaver,4
told,5
esto,5
jam,5
space,5
hell,5
celebridad,5
laugh,5
care,5
jordanleepatton,5
monthli,5
cheer,5
chees,5
bonito,5
casado,5
william,5
childhood,5
serv,5
favorito,5
happen,5
bollywood,5
wing,5
hei,5
maarif,5
hahaha,5
carvalho,5
bro,5
mauric,5
instrum,5
bye,5
breast,5
be,5
amo,5
game,5
ah,5
muito,5
comment,5
crie,5
knew,5
personaj,5
hard,5
ur,5
decid,5
te,5
imagin,5
porqu,5
pack,5
secret,5
comia,5
warner,5
ela,5
nickbassett,5
realiz,5
senior,5
profes,5
enquanto,5
break,5
cute,5
hace,5
fail,5
cowboi,5
gonzalez,5
refer,5
bite,5
carol,5
hope,5
jornal,5
hoje,5
almo,5
swear,5
tien,5
let,5
entretenimento,5
escena,5
pero,5
semana,5
globo,5
toi,5
catch,5
damn,5
lmfao,5
dio,5
slater,6
esta,6
twin,6
freak,6
rock,6
decision,6
amigo,6
run,6
caus,6
hear,6
head,6
vida,6
assum,6
grow,6
dice,6
mean,6
nake,6
barbado,6
esquisito,6
fridai,6
zac,6
tonight,6
aniston,6
dinner,6
routin,6
blood,6
week,6
momento,6
pra,6
bui,6
stori,6
bb,6
aw,6
ag,6
morn,6
place,6
hmm,6
nowt,6
ya,6
entr,6
buffai,6
mine,6
warnerchannella,6
passando,6
goali,6
won,6
apart,6
court,6
comprar,6
happyend,6
fake,6
dad,6
talk,6
siempr,6
twitter,6
captain,6
porn,6
homem,6
date,6
follow,6
kill,6
die,6
morri,6
toma,7
ocultar,7
scene,7
londr,7
super,7
coincid,7
friendsweek,7
saw,7
medio,7
bdbdleeroybrown,7
walk,7
chedler,7
sick,7
side,7
final,7
teen,7
stai,7
embarazo,7
entertain,7
ha,7
ana,7
al,7
ac,7
plano,7
crazi,7
hi,7
va,7
birthdai,7
naanip,7
chendler,7
epi,7
wow,7
mike,7
pictur,7
cours,7
moment,7
nunca,7
definit,7
went,7
cloth,7
word,7
fit,7
ver,7
bing,7
leg,7
sleep,7
meu,7
danc,7
amaz,7
meet,8
help,8
brandi,8
iron,8
world,8
cast,8
group,8
wait,8
son,8
soi,8
suck,8
relacionamento,8
youtub,8
plan,8
goe,8
beat,8
starworldindia,8
move,8
jennif,8
na,8
xo,8
tdude,8
monei,8
hahah,8
encanta,8
wonder,8
richard,8
era,8
beach,8
aren,8
comida,8
wai,8
coffe,8
great,8
thank,8
back,8
cry,8
last,8
share,8
shark,8
fuck,9
bestoffriendstv,9
toda,9
thought,9
brother,9
sexi,9
lolfish,9
engul,9
disgust,9
visto,9
actual,9
dond,9
dont,9
ve,9
school,9
iammjefff,9
made,9
jajaja,9
high,9
end,9
emma,9
monicagel,9
underp,9
omg,9
van,9
photo,9
famili,9
uma,9
thanksgiv,9
mad,9
capitulo,9
try,9
felliphealmeida,10
kid,10
hotter,10
born,10
feel,10
bai,10
god,10
er,10
rachael,10
sweater,10
littl,10
getglu,10
win,10
happi,10
motto,10
cool,10
cox,10
eat,10
seriefriend,10
courtenei,11
remind,11
pretti,11
hilari,11
ma,11
le,11
blvd,11
hoi,11
hot,11
hate,11
ye,11
memor,11
lockup,11
need,11
stalk,11
todai,11
hadn,11
welcom,11
phone,11
seriado,11
live,11
copia,11
dem,11
call,12
mejor,12
dejan,12
friendsshow,12
didn,12
big,12
nice,12
gonna,12
put,12
ep,12
ok,12
peopl,12
um,12
st,12
lmao,12
cocina,12
chist,12
year,12
well,12
voc,12
take,12
babi,12
mai,12
casa,13
set,13
favourit,13
turn,13
tambi,13
os,13
tu,13
make,13
still,13
blooper,13
okai,13
como,13
temporada,14
viendo,14
xd,14
un,14
new,14
cuenta,14
loser,14
number,14
hous,14
tweet,14
episodio,15
wish,15
eu,15
movi,15
pm,15
mi,15
deja,15
yo,15
hair,15
fue,15
marri,15
una,15
first,15
tempo,15
down,16
keep,16
yeah,16
miss,16
melhor,16
monicamondai,16
dan,16
here,17
sobr,17
real,17
em,17
favorit,17
para,17
fan,17
wed,17
shirt,17
siet,18
am,18
ll,18
charact,18
juliatruong,18
funni,19
name,19
ltimo,19
show,19
edvil,20
por,20
friendsquot,20
girl,20
go,21
su,21
est,21
old,21
tulo,21
season,21
life,22
see,22
onli,22
superbowl,23
cap,23
right,23
haha,23
llave,23
time,23
dai,24
come,24
geller,25
tell,25
night,25
im,25
man,26
boda,27
green,27
cri,28
don,28
cuando,29
look,30
da,30
tv,30
football,31
pido,32
sai,33
gui,33
plai,34
can,35
todo,39
courteneycox,43
best,44
know,45
lol,45
now,46
sweatshirt,47
think,47
se,50
si,50
lo,51
es,52
con,52
wear,61
gt,64
santa,68
en,71
want,73
el,73
fat,74
com,76
lt,77
quot,78
episod,85
giant,87
watch,97
love,112
nica,141
like,149
la,164
joei,201
phoebe,202
ross,265
rachel,274
de,284
chandler,377
monica,1307
friend,1460

