total,3085
igetthatalit,1
direto,1
cage,1
regard,1
gasolina,1
pinta,1
ningun,1
hebe,1
biggest,1
meee,1
gonnapeemyp,1
roper,1
toni,1
pitt,1
n,1
legend,1
identica,1
sensibl,1
tanto,1
avila,1
raw,1
jessegid,1
bienvenida,1
raspi,1
dime,1
matrimonio,1
miriamferreiraw,1
meggmackk,1
rehts,1
confus,1
hormonal,1
invadir,1
supersamsam,1
feromona,1
muev,1
anglerrrr,1
rock,1
nhoooooum,1
boludaaaaa,1
danielfield,1
dinn,1
nwlsf,1
ffionhay,1
dolphin,1
meno,1
job,1
tklptj,1
western,1
crossword,1
looooool,1
iphon,1
alanl,1
jalln,1
alexdeann,1
joi,1
easili,1
kooki,1
awwww,1
kkkk,1
laughtrip,1
londr,1
laughter,1
truli,1
embarazar,1
shave,1
fumer,1
mesa,1
writer,1
grandma,1
trump,1
solcito,1
polish,1
vale,1
orsviypp,1
jodi,1
justwatch,1
throwback,1
difraz,1
rio,1
ilovewestlif,1
michaellamarz,1
rie,1
understand,1
lico,1
mercado,1
friendstweet,1
iub,1
drink,1
danzandmeii,1
charter,1
iwant,1
ist,1
emshouldersx,1
calli,1
jyotrivedi,1
ita,1
buddi,1
calckkff,1
qelp,1
sort,1
kkkkkkkkkkkkk,1
cqcptji,1
nasil,1
sarcast,1
fuqa,1
megmon,1
frurcw,1
sentido,1
sonrojada,1
dinheiro,1
perra,1
gmorlei,1
interpretar,1
carn,1
care,1
rss,1
marshal,1
lmmfao,1
quirki,1
mauurrrooo,1
vikrum,1
ohhbe,1
orita,1
rfno,1
mwahaha,1
irr,1
sono,1
subtitl,1
opposit,1
friendsni,1
jhoanna,1
televi,1
feebi,1
jeito,1
kekonyolan,1
fantastica,1
comiera,1
ira,1
sont,1
xddd,1
sab,1
zirtbuix,1
thatwouldbem,1
sal,1
tote,1
jajajaajajajaja,1
camp,1
participar,1
solo,1
joss,1
sola,1
autom,1
silenciarla,1
tcnbyq,1
brittsalewski,1
jfvvqbr,1
tanya,1
cans,1
pimp,1
sat,1
cant,1
somo,1
resfriada,1
hablaba,1
stream,1
lmaoooo,1
link,1
rowlingisourqueen,1
dawww,1
scuzzbeez,1
andando,1
broken,1
snooz,1
virou,1
hablado,1
heat,1
cait,1
robert,1
recuerda,1
youretryingtohard,1
cheer,1
medio,1
polici,1
irrl,1
chom,1
micaelaaxberg,1
calm,1
hacer,1
whatevenarey,1
blahblahblah,1
lyke,1
glass,1
alguna,1
soft,1
cama,1
acuerdo,1
batem,1
rzl,1
phowar,1
christiannnn,1
dhfq,1
invalido,1
humedad,1
fest,1
ambahxxleah,1
flipando,1
informacion,1
dobladora,1
kylieireland,1
view,1
carnav,1
decent,1
samdrobig,1
maceyp,1
cynthiaperiup,1
rodellegaspi,1
fuekp,1
arranqu,1
ajajajaj,1
aimeeloulouxxx,1
aguspereiro,1
miricacho,1
sung,1
girlfriend,1
cramer,1
thom,1
mrsruralsgt,1
londonmarathon,1
olacak,1
viaj,1
boeb,1
oportunidad,1
luckiexstar,1
catrina,1
omggg,1
casyip,1
bodi,1
chamada,1
boxset,1
bastant,1
seu,1
huuuggeeeee,1
girliiesss,1
lautnerscharm,1
sea,1
brittani,1
sandwich,1
epico,1
prettiest,1
waaa,1
cher,1
ther,1
score,1
actor,1
adrianabeci,1
funer,1
suic,1
weekend,1
nina,1
peinado,1
vinc,1
echando,1
danieljam,1
skill,1
sexier,1
salva,1
fundo,1
eric,1
vino,1
agbd,1
withhh,1
stephrabbat,1
ibda,1
mmmh,1
delarubia,1
mainten,1
snug,1
char,1
fepi,1
causa,1
alejandradraft,1
facebook,1
bisant,1
campu,1
ligar,1
melisifr,1
stuff,1
awai,1
terribl,1
rneo,1
oqvu,1
firend,1
laraaxo,1
forevaa,1
dejar,1
carnaval,1
dejao,1
iflookscouldkil,1
worst,1
esteem,1
nurget,1
xeyqfztv,1
sma,1
felt,1
relaxa,1
eycrrk,1
lucif,1
tqoxfpnu,1
phoebeeeee,1
factsaboutm,1
dancer,1
notallislost,1
thelovatoswag,1
iwouldrunlikethat,1
iilovedemi,1
favorite,1
littleevilpixi,1
boyceavenu,1
common,1
hahahahahhahahhhahaha,1
engra,1
gemaaaa,1
later,1
puzzl,1
mrununquadium,1
revis,1
clarki,1
bennett,1
thefunnyteen,1
thebowd,1
clair,1
edgarrogomez,1
hairstyl,1
ikeckg,1
goaskfrancesca,1
contribut,1
lukedislei,1
yumnatarian,1
blessm,1
dobla,1
pausjetfilt,1
thar,1
sua,1
masterpiec,1
haircut,1
flameboi,1
bowl,1
themattdivin,1
connec,1
jackjackjack,1
txzbbx,1
richi,1
tai,1
fuert,1
mannion,1
firealarm,1
bring,1
corrupt,1
sailor,1
cider,1
bahaha,1
bolsa,1
diab,1
wine,1
aproveitar,1
whinei,1
zyr,1
kai,1
encontrarno,1
xxxxxxxxx,1
probz,1
tan,1
aaaaaaaaaai,1
hayleyjayn,1
urpwh,1
shezgotyouhigh,1
itsdestini,1
volviendo,1
rendr,1
inicio,1
beehumphrei,1
luchamo,1
enamora,1
bffl,1
jersonhondal,1
wise,1
mulher,1
offici,1
potti,1
dejon,1
class,1
sensa,1
window,1
bellaz,1
clase,1
rest,1
cring,1
bond,1
emilyk,1
meat,1
timeless,1
thanabarretti,1
waso,1
fqjadnlk,1
matter,1
rubbish,1
eqvx,1
teni,1
tend,1
higgylici,1
maturem,1
tortilla,1
lubarsallo,1
gripe,1
bamford,1
whovil,1
changin,1
nake,1
ignor,1
pisod,1
voce,1
sica,1
billi,1
querendo,1
profe,1
bir,1
propor,1
pendeja,1
dikrjain,1
goodby,1
grind,1
erikalottishx,1
muuuito,1
nathan,1
dmsup,1
barbado,1
noblemccurdian,1
teki,1
sassi,1
parqu,1
bnbk,1
stil,1
encontr,1
ahhh,1
enchant,1
maluca,1
han,1
definetli,1
backk,1
boi,1
jasechavez,1
paraphras,1
curiosidad,1
daqqnkrj,1
jennettemccurdi,1
hab,1
sophiateoh,1
trotando,1
sign,1
offend,1
laquel,1
lolagracia,1
chapter,1
paw,1
phoebejtonkin,1
depend,1
csak,1
sybil,1
pal,1
pai,1
bom,1
box,1
bow,1
jajajjaa,1
phd,1
singl,1
bbc,1
edsheeran,1
aniston,1
zoe,1
convinc,1
anymor,1
poptart,1
celebr,1
mochilici,1
galleta,1
pez,1
beb,1
voir,1
jajajajaj,1
camina,1
robrynd,1
stap,1
pulga,1
vpyocwnv,1
canso,1
ppptwbvq,1
atphoebebrown,1
mickei,1
gorrit,1
tear,1
smokin,1
cantar,1
extrem,1
agarran,1
eachoth,1
team,1
ben,1
asado,1
teah,1
etanmrrt,1
bless,1
sarahg,1
tonto,1
bet,1
falar,1
nwttoyni,1
melissa,1
cloyster,1
gostava,1
embarazo,1
igetathatalot,1
your,1
pic,1
past,1
glimps,1
earl,1
oatmeal,1
kinpech,1
kemp,1
jajajajajajajajajajajaajjajajajaja,1
whoimmostlik,1
poq,1
enriqu,1
mhall,1
prove,1
whoop,1
passant,1
gla,1
volvemo,1
vendendo,1
satan,1
goin,1
nico,1
ilov,1
rachelmonicajoeyrosschandl,1
tambi,1
zoiiee,1
pienso,1
complet,1
site,1
sophielov,1
gna,1
weed,1
llorar,1
gave,1
jealou,1
fetishfortoya,1
lovesundai,1
bend,1
taylor,1
good,1
genocid,1
busi,1
bush,1
crash,1
kirstieebirrel,1
control,1
pub,1
coolestchickev,1
hornswoggl,1
durtywordzz,1
mierda,1
bgkaki,1
car,1
crush,1
zorra,1
patriot,1
dori,1
caf,1
mismo,1
cuplikn,1
dedic,1
specif,1
cba,1
diesen,1
altruism,1
disseram,1
beyonc,1
estan,1
barrett,1
gunther,1
fingernail,1
nadi,1
candi,1
gamez,1
lotti,1
buff,1
huvwwk,1
pue,1
curto,1
xoxoamazon,1
bueh,1
opera,1
javierrodrigu,1
olssk,1
mccann,1
casamento,1
theme,1
remeb,1
ataqu,1
chasein,1
gang,1
swift,1
simpl,1
kelli,1
laurencarless,1
buka,1
tqako,1
unselfish,1
mysteri,1
longer,1
gym,1
baddi,1
thhiiissss,1
presum,1
misspric,1
niniabelem,1
ypgv,1
britkolo,1
bouffet,1
trivia,1
chazzaminetti,1
daveihl,1
yxj,1
exist,1
bxz,1
smartest,1
dayyyyi,1
quita,1
follando,1
puag,1
leia,1
ycd,1
gf,1
gb,1
fm,1
ussmo,1
ft,1
sair,1
breath,1
gy,1
ratedr,1
opcion,1
xoxo,1
aim,1
air,1
gs,1
whedon,1
mono,1
pacaran,1
du,1
yea,1
idea,1
dx,1
laurahugh,1
oddli,1
avcnn,1
yeh,1
ec,1
faster,1
current,1
dr,1
stood,1
curli,1
cracker,1
fa,1
giulianoingrao,1
aha,1
ef,1
yep,1
ago,1
eq,1
brinananaa,1
aquel,1
normal,1
bu,1
therapi,1
positividad,1
bk,1
bf,1
gait,1
abrazarno,1
probara,1
ang,1
ana,1
cu,1
cm,1
lolx,1
cc,1
cd,1
collect,1
ami,1
lole,1
saca,1
ama,1
cagada,1
trabaja,1
directo,1
candiceaccola,1
pianist,1
aahahahah,1
hande,1
at,1
ar,1
game,1
sesnaola,1
ax,1
judi,1
au,1
muahahahaha,1
genuin,1
judg,1
michael,1
mxmj,1
pxiyd,1
ag,1
boboboo,1
nn,1
abi,1
bother,1
ob,1
jamescalleja,1
qiero,1
on,1
ov,1
hommag,1
pd,1
hownic,1
fireman,1
comment,1
squeez,1
jennif,1
click,1
miramimochila,1
ly,1
detector,1
dela,1
ivanka,1
mt,1
ms,1
recogido,1
ayer,1
soluciona,1
ne,1
claraponc,1
escog,1
jo,1
traje,1
kj,1
ke,1
xoxjordyn,1
kt,1
ko,1
smurfgron,1
ing,1
loud,1
firemen,1
hq,1
ht,1
vgkl,1
adj,1
drift,1
knpv,1
gupta,1
yik,1
redhourben,1
holycatastroph,1
ikr,1
ir,1
twenti,1
cuter,1
defo,1
lovee,1
smash,1
sarro,1
deff,1
edgoc,1
loveh,1
luisarroyo,1
iz,1
ilx,1
devic,1
xk,1
salieron,1
xv,1
rounndd,1
spph,1
ohwait,1
ellamachen,1
xb,1
forgot,1
place,1
tonsil,1
pudiera,1
joycegott,1
cansar,1
devo,1
pure,1
trillozo,1
vz,1
desd,1
chutneypudi,1
smoothi,1
vo,1
galeotti,1
vb,1
ayi,1
misspel,1
parl,1
qrxtewv,1
ut,1
ub,1
fuckit,1
mighti,1
hug,1
tp,1
round,1
cancel,1
td,1
bathroom,1
ti,1
amount,1
patinha,1
tb,1
juntamo,1
xjcfowiu,1
knit,1
sk,1
text,1
so,1
sr,1
sq,1
pendejada,1
pump,1
sc,1
killer,1
ablarno,1
poorli,1
pasan,1
gritona,1
ri,1
hiqhkpda,1
denn,1
xox,1
deschanel,1
arhum,1
cfheyrum,1
exxon,1
lainei,1
hubbi,1
getitright,1
test,1
uncontrol,1
guardian,1
icxk,1
expect,1
yqma,1
himym,1
moee,1
hahahahahahahahahahahahahahahahahahahahahahahaha,1
rubbishi,1
marcado,1
asi,1
buenisimo,1
cindydesign,1
escrib,1
pair,1
isso,1
stranger,1
spit,1
practic,1
forg,1
utau,1
ahhhh,1
aricelc,1
hmwbyi,1
chanlder,1
mrsphoebeingl,1
aut,1
butler,1
priceless,1
proper,1
moan,1
bkevwcdx,1
food,1
ourzr,1
puse,1
ze,1
amybrown,1
push,1
phoebebuffai,1
xxx,1
atl,1
fresh,1
secondworstcharact,1
favori,1
zj,1
porno,1
ladygaga,1
yc,1
yb,1
wktu,1
xz,1
yu,1
secret,1
disappear,1
nois,1
ayeelovee,1
jerileav,1
gloria,1
watchng,1
mrpanchog,1
gazzza,1
nathyathoma,1
feo,1
maria,1
nha,1
vicrum,1
feb,1
leer,1
gocolt,1
apolog,1
nel,1
nem,1
humpti,1
partido,1
pwbpkz,1
doxlb,1
jayn,1
phan,1
yess,1
hermana,1
jazm,1
embarras,1
serbgoinham,1
charlott,1
hizo,1
jefaza,1
enjoi,1
maja,1
hahaa,1
gemini,1
far,1
grrrrrrrrrr,1
leah,1
healthier,1
nbpkyjdz,1
room,1
sweater,1
trainer,1
fonsi,1
glee,1
cuenta,1
layer,1
appar,1
romi,1
greisyalvarez,1
hardbodyronni,1
foncho,1
tenia,1
honei,1
tengo,1
twittingnita,1
nota,1
ppfyyan,1
idiota,1
chearzmann,1
diamorfina,1
blueshoot,1
reposo,1
cualquier,1
club,1
rosetta,1
beast,1
floupp,1
forrest,1
punch,1
liter,1
ellooo,1
ekvbx,1
curiou,1
pueda,1
topgear,1
suprem,1
raud,1
hayleydawesi,1
cubbin,1
superhero,1
tnkswarner,1
omfg,1
problem,1
incred,1
njeffrei,1
oliviacoletta,1
richard,1
aisl,1
judaschrist,1
masoquista,1
whislt,1
jake,1
pregnanc,1
machado,1
carslucia,1
binki,1
eva,1
chase,1
evi,1
ctfu,1
buffat,1
unagyyi,1
furri,1
nva,1
alter,1
hice,1
charg,1
argumento,1
muchh,1
deathbring,1
yeee,1
youuu,1
menina,1
loser,1
cantando,1
ratherbegulf,1
lnzef,1
hija,1
mouth,1
mazy,1
scari,1
ooooh,1
legal,1
schiwmmer,1
faridaghamrawi,1
aylakarol,1
ajmalsultani,1
soooooo,1
question,1
dilanjut,1
devida,1
minipunto,1
abuela,1
conozco,1
hillari,1
ldmt,1
hopeyourtunedin,1
segundo,1
effect,1
vert,1
pretend,1
rsula,1
chang,1
erm,1
chanc,1
georg,1
felstead,1
jasmin,1
elf,1
eli,1
noah,1
comprou,1
ell,1
wna,1
weren,1
comprom,1
wnd,1
filth,1
carcajada,1
nanni,1
nnk,1
iloveyoudearli,1
magnat,1
minx,1
noch,1
lmaoooooo,1
aertv,1
rituitan,1
mall,1
headrush,1
valescapgaiola,1
ego,1
fonzi,1
hecho,1
mawwadov,1
mash,1
skip,1
skin,1
lesbian,1
wqp,1
mrklauz,1
adivinha,1
fnorkjwl,1
mentira,1
ellisislief,1
lorena,1
veio,1
eig,1
chico,1
miro,1
ergun,1
magician,1
nic,1
punto,1
vejo,1
sancheezi,1
esposa,1
sockkkkkkkkkkk,1
jami,1
cocofierc,1
photograph,1
benefit,1
todohang,1
blacker,1
kwabzghuk,1
estilo,1
number,1
attract,1
cheyenneros,1
limbrick,1
benshepherd,1
onda,1
loooooooooool,1
albertequila,1
typic,1
maxochimo,1
amazinngg,1
happymemori,1
sadtomatoff,1
disai,1
barnei,1
wee,1
och,1
pareja,1
lxoxo,1
putament,1
gep,1
sali,1
embryo,1
abbi,1
cough,1
cbyqjnha,1
gee,1
guguett,1
srtolacasito,1
veal,1
fejedi,1
aren,1
sake,1
emma,1
ollyoffici,1
seoawar,1
funnni,1
fitt,1
releas,1
biblic,1
massiv,1
conoc,1
toweverybodyfindsout,1
amnesia,1
bestquoteev,1
georgeantoni,1
laidddd,1
alltimeiren,1
flirt,1
giggl,1
claudett,1
animar,1
import,1
delenafreakk,1
gritar,1
nemo,1
museum,1
prima,1
quiera,1
talent,1
xykz,1
beaujcarlei,1
uglyngai,1
closer,1
crapbag,1
comida,1
babiiexoxoemma,1
heard,1
mommasoto,1
rapaport,1
viera,1
ispeakwestlif,1
foreveralon,1
maaumartin,1
cuss,1
count,1
socialis,1
serai,1
bakewel,1
gasto,1
gunna,1
ummm,1
novio,1
koeeada,1
dorado,1
pobr,1
aurai,1
stick,1
wal,1
stage,1
war,1
driver,1
tensooooooo,1
buffei,1
eqswp,1
bruce,1
recip,1
sucha,1
srcblfsv,1
onix,1
vient,1
sari,1
wah,1
arrow,1
woof,1
flyss,1
fica,1
dogslif,1
fyo,1
fyl,1
surrog,1
involv,1
copyright,1
catriona,1
price,1
london,1
bruno,1
suchaclass,1
molli,1
invit,1
prometido,1
escrota,1
emiigle,1
gladli,1
familiar,1
jaaaaaa,1
professora,1
newb,1
genia,1
jenhernandez,1
arghhhh,1
reminisc,1
legenda,1
qhwd,1
nerd,1
woke,1
taken,1
deffo,1
ketauan,1
fui,1
awsom,1
anger,1
cancion,1
result,1
pasado,1
mhvm,1
dumb,1
sophiashillito,1
suppli,1
frm,1
tension,1
flash,1
ahahaha,1
foi,1
vio,1
cual,1
cover,1
ticament,1
sayin,1
helenrain,1
oxegen,1
lissi,1
oog,1
nouri,1
underr,1
suckitgi,1
weon,1
angri,1
rerun,1
evitar,1
itsmemaria,1
miner,1
asthebird,1
ort,1
fake,1
joooi,1
misschloedeexxx,1
welcom,1
lugar,1
clueless,1
substanc,1
ilaughsohardicri,1
grand,1
cuadro,1
fli,1
compani,1
imag,1
flang,1
whegeg,1
innoc,1
llame,1
empir,1
ond,1
voc,1
volvieron,1
mrsjhx,1
jeremi,1
fix,1
vom,1
ffigurefbust,1
fine,1
find,1
divorcio,1
rich,1
pronounc,1
rditr,1
dude,1
channel,1
hors,1
besti,1
peoplethatilov,1
acord,1
salero,1
twelv,1
tina,1
ubican,1
fave,1
vet,1
materialist,1
elizabeth,1
ukulel,1
bird,1
enamoren,1
cantgetenoughof,1
kati,1
dudaexistenci,1
fraseparafrikart,1
anamrz,1
cock,1
band,1
terminan,1
friendship,1
amythew,1
hook,1
carol,1
nikss,1
tamb,1
wouldn,1
fast,1
bill,1
largo,1
tourismch,1
lax,1
heebe,1
april,1
thankyou,1
avstand,1
sosboleta,1
hora,1
hablas,1
siempr,1
iravzxpx,1
jico,1
imissmygirl,1
bethani,1
tonkin,1
jordklod,1
tillyk,1
headboard,1
hazel,1
carolinadelak,1
thekingofl,1
tapo,1
short,1
holt,1
insur,1
posibl,1
insul,1
lagringaroca,1
lynsai,1
tapa,1
cut,1
maniqu,1
marriag,1
dragon,1
varia,1
ranger,1
gabzeg,1
cluad,1
minut,1
precisava,1
assist,1
tire,1
merytospropio,1
batman,1
guagua,1
lydia,1
kapowwww,1
femenino,1
bublgumkiss,1
ycwt,1
pessoa,1
sophielarsen,1
muahahahahahahahahahahahaha,1
christronium,1
viendofriend,1
seat,1
interest,1
tearingupalittl,1
rdatr,1
hjdubacw,1
sensibildad,1
sundai,1
amandamanso,1
alexeikurkovski,1
jill,1
copa,1
guitarra,1
inteligent,1
trota,1
adoro,1
verdad,1
reenzbean,1
lmi,1
hidingwildchild,1
linkedin,1
geniou,1
cox,1
robin,1
lizzzzl,1
encerio,1
telli,1
prettyi,1
dispuesta,1
wwehornswoggl,1
dpgpfvj,1
corm,1
srkkq,1
espero,1
hulk,1
karma,1
becau,1
humo,1
humu,1
potato,1
preferida,1
roisinava,1
bananahammock,1
malleplain,1
ccg,1
blame,1
filangi,1
goat,1
prepar,1
disput,1
aficionado,1
self,1
guerra,1
sell,1
perfecto,1
nacho,1
huevo,1
oftalmologista,1
nicol,1
tiempo,1
saturdai,1
choqu,1
wilfpropheci,1
howd,1
howl,1
format,1
bestof,1
xdddd,1
dumpti,1
gusta,1
compus,1
seriado,1
ugh,1
protest,1
cil,1
christma,1
joeytribbiani,1
ucr,1
campbel,1
lycanlif,1
heater,1
slow,1
uforglemmelig,1
lololol,1
ubt,1
iqxxuhzi,1
excentrica,1
wiiiiiiith,1
marlei,1
kevin,1
mar,1
mam,1
importa,1
irritatingtwerp,1
shitt,1
quando,1
gump,1
dada,1
seanpark,1
efz,1
learn,1
bedroom,1
vestida,1
trilliizo,1
meg,1
anagould,1
onedirec,1
trip,1
superwoman,1
trig,1
adriannabertola,1
tnpxv,1
twdoc,1
paulrudd,1
timelin,1
onnow,1
luz,1
chava,1
pqgo,1
lul,1
megoon,1
whiten,1
alright,1
chuckl,1
toast,1
flea,1
tyj,1
typ,1
realiti,1
hepat,1
fashion,1
tremendo,1
eleven,1
choosin,1
solollivi,1
bajita,1
lwq,1
realist,1
threesom,1
true,1
adalh,1
amor,1
whjl,1
rattl,1
atra,1
beijo,1
julyalovesbecki,1
oneth,1
uuadvyqo,1
ncia,1
lyn,1
credit,1
esanenaa,1
spill,1
balloon,1
gera,1
shewantedtokillm,1
copiarl,1
late,1
hahahahah,1
efecto,1
leahniz,1
litt,1
frase,1
guis,1
doida,1
adub,1
heatherkopp,1
pagan,1
list,1
jada,1
jajajajajajaa,1
hombr,1
miracl,1
kigu,1
samusg,1
dot,1
davi,1
tqx,1
zaman,1
trend,1
tre,1
corria,1
qnbu,1
deannarinato,1
brilliant,1
effi,1
itagainxxx,1
pamsweet,1
spring,1
vbmn,1
diskusjonen,1
vampir,1
kevsta,1
eeebe,1
meeee,1
kenneth,1
peli,1
attend,1
comedycentraluk,1
pelu,1
poner,1
otro,1
acordar,1
tvshowchalleng,1
student,1
darn,1
someofyouwillgetcutsomewont,1
despavorida,1
msm,1
inlevels,1
corriendo,1
ponga,1
weight,1
instantli,1
peni,1
convincingli,1
land,1
lana,1
vendo,1
lang,1
tok,1
top,1
zooei,1
ivori,1
amanh,1
isthatagoodth,1
catar,1
achando,1
ganhar,1
tamsyngallowai,1
tribbianni,1
tip,1
jppoggi,1
danza,1
morphin,1
flower,1
dgn,1
esther,1
lasanha,1
record,1
vaaaneyi,1
reaction,1
backuppp,1
mister,1
princesa,1
dea,1
def,1
dem,1
min,1
mio,1
lionel,1
bachelorett,1
miz,1
unconventi,1
contra,1
aquela,1
mid,1
conlon,1
mezcla,1
portrai,1
thesaare,1
ted,1
power,1
diana,1
theonewhereeverybodyfindsout,1
kieron,1
gkgwnlee,1
comendo,1
jjajajaja,1
treat,1
meddow,1
tozer,1
heuh,1
seriefriend,1
cgevbvfo,1
dih,1
sarahcross,1
jakepd,1
karakterim,1
justin,1
bzdtxio,1
women,1
fianc,1
lucymari,1
summer,1
svenboi,1
jen,2
junta,2
told,2
cvncalkr,2
grew,2
xqviutx,2
ree,2
gracioso,2
somani,2
explico,2
twin,2
worshiphoran,2
andrew,2
hehe,2
dhaniekratna,2
supergirl,2
help,2
addict,2
hasta,2
spanish,2
support,2
bajon,2
gladi,2
branch,2
endless,2
mela,2
offic,2
tvshowsilov,2
catwoman,2
vall,2
dengan,2
coraz,2
bicicleta,2
rip,2
eymusev,2
elliott,2
vive,2
perri,2
exactli,2
viva,2
insult,2
scientist,2
casa,2
mundial,2
attempt,2
femal,2
mechellei,2
bridgethalei,2
ish,2
chip,2
sooo,2
awww,2
caus,2
jess,2
rumba,2
hallwai,2
valeixca,2
emmmathompsonx,2
zapato,2
chees,2
lift,2
hacen,2
papel,2
wierd,2
corra,2
samma,2
soap,2
caballo,2
yoooooou,2
thor,2
sock,2
coup,2
welshguat,2
set,2
nippl,2
tyler,2
cuarto,2
sei,2
hannahj,2
som,2
soo,2
emotion,2
agenc,2
popcultur,2
second,2
huski,2
chat,2
chai,2
knw,2
outburst,2
dalla,2
suck,2
mother,2
baburao,2
stephl,2
taught,2
unfunniest,2
studi,2
brain,2
anth,2
atkinson,2
soooo,2
bore,2
babyi,2
memulai,2
episodio,2
pgfksytw,2
album,2
unreal,2
falou,2
bermanfaat,2
ellevick,2
bangin,2
nturner,2
sun,2
friendsshow,2
chillax,2
hablo,2
reir,2
grow,2
malici,2
falso,2
amraz,2
rudd,2
america,2
voyez,2
wapa,2
brand,2
arummanggi,2
equival,2
sauna,2
ntica,2
bright,2
completament,2
parto,2
bitter,2
llamar,2
sico,2
legitim,2
heatherthefrog,2
side,2
dieron,2
bob,2
armario,2
planet,2
daniellepoynt,2
yernan,2
courteneystuff,2
justgowithit,2
music,2
whatdoesthatmean,2
harshilp,2
ella,2
listen,2
mlopezsaubidet,2
hip,2
parecido,2
tripolar,2
demai,2
pacomio,2
lasttimeicheck,2
poo,2
demon,2
whore,2
aspir,2
parad,2
mdougx,2
dislik,2
suela,2
mylifefforhir,2
momento,2
oooh,2
tjthyne,2
buri,2
songwrit,2
elenaayala,2
estoi,2
estou,2
wear,2
badia,2
saben,2
bro,2
bra,2
estar,2
aqui,2
ridicul,2
sntir,2
katymo,2
complim,2
saber,2
nonton,2
stori,2
fr,2
anastasia,2
heaveymetalgaga,2
gr,2
doin,2
ahh,2
lool,2
katherinehay,2
bear,2
beat,2
ev,2
dear,2
tingt,2
dead,2
taylar,2
sabemo,2
alg,2
ba,2
aa,2
yah,2
af,2
memori,2
idiot,2
movi,2
oi,2
ou,2
oq,2
ls,2
jmvyntg,2
saritamq,2
playboi,2
backup,2
flanigan,2
cree,2
creo,2
jv,2
jr,2
scream,2
theonewiththepromvideo,2
eerinsmith,2
outfit,2
insight,2
ho,2
hydro,2
ill,2
radiat,2
lose,2
newgirl,2
meadow,2
xo,2
hmmmmme,2
sophia,2
killl,2
hari,2
plow,2
flashback,2
tw,2
pull,2
half,2
th,2
ommmg,2
sa,2
hand,2
bunch,2
qui,2
pu,2
sacan,2
pr,2
llega,2
dealer,2
mujer,2
semoga,2
devito,2
mayor,2
brucelino,2
shop,2
puto,2
padr,2
geektom,2
imusiq,2
loca,2
awesom,2
role,2
viven,2
yesterdai,2
mention,2
warner,2
hierba,2
kouc,2
enjoy,2
broke,2
hahah,2
taylardunn,2
fedeff,2
fab,2
leav,2
nao,2
nah,2
philang,2
naw,2
rose,2
paigeslinkowski,2
tener,2
beckah,2
penni,2
rare,2
wonder,2
medicin,2
cabello,2
hahhh,2
socut,2
tombston,2
nome,2
escribir,2
heheh,2
ess,2
ahora,2
everydai,2
advert,2
jaid,2
matt,2
mata,2
hihi,2
annoi,2
unalocasuelta,2
email,2
fransexu,2
child,2
karaok,2
verr,2
phoebo,2
litro,2
homard,2
elo,2
start,2
upset,2
anteojera,2
warnerchannella,2
malo,2
alejovannai,2
candic,2
anhqv,2
senior,2
jane,2
decidl,2
mira,2
wow,2
chick,2
heckl,2
burlzilla,2
apart,2
ohh,2
melhor,2
comecei,2
wen,2
web,2
breed,2
serio,2
nueva,2
hilaaaari,2
koolaid,2
shesgreat,2
upsid,2
lololololol,2
gahagan,2
odi,2
throw,2
chanson,2
personalidad,2
break,2
youngest,2
ring,2
perfectament,2
weirdo,2
danielleemckai,2
quiero,2
dollar,2
hormon,2
yesss,2
poem,2
luciakthxbai,2
podr,2
brevesmomrntosdefelicidad,2
centric,2
quedar,2
alicekldainti,2
face,2
imma,2
hair,2
hain,2
vickyraimundo,2
fue,2
ftw,2
condom,2
borowitzreport,2
crespo,2
atfxusk,2
glad,2
itsdebraden,2
fait,2
phlem,2
evil,2
oop,2
ground,2
cloth,2
evet,2
letter,2
vcntur,2
flu,2
stitch,2
word,2
brush,2
fazer,2
recent,2
larsen,2
voz,2
rick,2
duda,2
queridisimo,2
aula,2
pseyi,2
sugarman,2
aunqu,2
queen,2
usast,2
hous,2
base,2
tank,2
awwwwwww,2
creat,2
aliv,2
lightn,2
boocut,2
talk,2
bestfriend,2
respons,2
jordan,2
creer,2
shoot,2
colocar,2
bigger,2
tonnywanna,2
clear,2
thank,2
master,2
embrujada,2
lagosta,2
muero,2
ninguno,2
corrrrr,2
cyberm,2
fldebat,2
rosieagainst,2
sean,2
marinameador,2
obsess,2
polic,2
kaitlinwallei,2
tipo,2
jajajajajajajajaj,2
geekingout,2
copi,2
lou,2
usm,2
exemplo,2
souul,2
comm,2
saliendo,2
loveit,2
courtneyrene,2
siiii,2
jennagaskin,2
sweet,2
hahahahahahahaha,2
quem,2
damerebel,2
tinheadftm,2
avec,2
pose,2
blanc,2
phone,2
friendsfraas,2
ameeei,2
pourri,2
pont,2
allierashi,2
pool,2
entiendo,2
embarrass,2
baha,2
nicki,2
lie,2
adel,2
junkie,2
muhleenahh,2
thanksgiv,2
danni,2
mal,2
max,2
escena,2
mdr,2
idolo,2
med,2
surpris,2
toofunni,2
meo,2
men,2
adoh,2
ador,2
stripteas,2
dvd,2
dcriou,2
compar,2
graviti,2
friendstvfan,2
defrentecomgabi,2
sexual,2
theabiroad,2
extend,2
dave,2
hyster,2
tri,2
racheeeeeeeeeeeeeeeeeeel,2
moron,2
dnd,2
franc,2
semana,2
repli,2
bubbilygum,2
jessica,2
dog,2
pelo,2
comedycentr,2
otra,2
happyendingsabc,2
correr,2
toe,2
catch,2
noodl,2
mum,2
danc,2
tht,2
tsit,2
adelant,2
dale,2
cbearjohnsonn,2
shooshze,2
vomitado,2
mix,2
princess,2
willnevergetold,2
shira,2
ladi,2
ter,2
miniatura,2
dir,2
dig,2
sensaci,2
chanler,2
ughhh,2
catalana,2
shock,2
peux,2
megwan,3
esto,3
cutest,3
join,3
essa,3
hello,3
vamo,3
songsilov,3
heob,3
super,3
potteri,3
pija,3
earli,3
cast,3
teacher,3
casi,3
prob,3
ohhh,3
hear,3
partner,3
black,3
light,3
walk,3
nite,3
chel,3
digan,3
repercus,3
hotter,3
incendio,3
resulta,3
read,3
wrong,3
amiadoptedmom,3
anti,3
loool,3
born,3
tuvo,3
itsatwth,3
stevengreeen,3
farmer,3
dieu,3
dice,3
pretti,3
visto,3
wasn,3
atiendan,3
intonow,3
bit,3
parti,3
cagar,3
sido,3
laurenhazza,3
tonight,3
pac,3
elit,3
smile,3
plu,3
louca,3
meant,3
paul,3
kinda,3
whole,3
demasiado,3
easi,3
shanefilan,3
plan,3
quier,3
nick,3
ppl,3
golf,3
week,3
pra,3
struck,3
block,3
frasesparafrikart,3
btw,3
swing,3
forevermyfavorit,3
store,3
mood,3
sentir,3
left,3
fb,3
lego,3
ant,3
cierto,3
idk,3
muito,3
dond,3
falang,3
mk,3
add,3
local,3
smart,3
serious,3
hot,3
vc,3
uh,3
ur,3
st,3
nation,3
finish,3
reunion,3
retard,3
imagin,3
porqu,3
lauren,3
speak,3
attack,3
scooterbeanbag,3
gauch,3
fool,3
ahaha,3
igethatalot,3
yh,3
esperando,3
looool,3
phalang,3
madr,3
mail,3
lembra,3
dress,3
mucho,3
excit,3
catastroph,3
eso,3
personagem,3
jajaja,3
epi,3
heatherfinn,3
recordando,3
high,3
teeth,3
non,3
mini,3
greatest,3
total,3
tvspoileralert,3
sang,3
palermi,3
receiv,3
close,3
opinion,3
contr,3
dust,3
rita,3
found,3
rien,3
insuper,3
haga,3
mientra,3
culo,3
pasada,3
habr,3
droit,3
fail,3
marathon,3
wore,3
chupa,3
york,3
vou,3
tambien,3
minha,3
kittynigga,3
tait,3
tini,3
hamburg,3
courteneycox,3
acho,3
photo,3
vai,3
hoje,3
tard,3
famili,3
cool,3
primero,3
coo,3
cow,3
grandmoth,3
cosa,3
pousshin,3
uma,3
frotter,3
extra,3
friendssai,3
retofriend,3
write,3
least,3
disappoint,3
truc,3
father,3
moo,3
mom,3
frank,3
brad,3
mui,3
mundo,3
smell,3
mic,3
tem,3
matern,3
lack,3
yaohshit,3
tho,3
fuck,4
heeb,4
qualiti,4
graciosa,4
guapa,4
grau,4
toda,4
joe,4
drug,4
amigo,4
isn,4
patron,4
pick,4
cara,4
lili,4
zackeryjd,4
triosinolvid,4
wait,4
velocidad,4
kid,4
nevergetsold,4
periguetismo,4
schwimmer,4
jackscotttt,4
stupid,4
stuheritag,4
vida,4
sou,4
rafael,4
runner,4
snow,4
happen,4
dunno,4
fault,4
habla,4
that,4
analies,4
friendsnew,4
claud,4
claro,4
salio,4
roommat,4
alarma,4
bil,4
hai,4
thelmatweet,4
crack,4
frankdank,4
lotteri,4
bee,4
bed,4
lalalalalala,4
nica,4
quien,4
parec,4
sorpr,4
yoogabbagabbi,4
children,4
gosh,4
canci,4
arahmi,4
toner,4
ew,4
em,4
starworldindia,4
be,4
cr,4
ad,4
yai,4
nt,4
ok,4
dapdpgwb,4
pb,4
tribbiani,4
mo,4
pued,4
morn,4
hs,4
id,4
spend,4
act,4
hoi,4
va,4
pasa,4
respondo,4
te,4
qu,4
qf,4
shoe,4
uteru,4
kramer,4
borrow,4
watchin,4
puedo,4
xdd,4
beard,4
smellycat,4
darko,4
jail,4
lmaoo,4
pheeb,4
ondollaridea,4
mayb,4
mine,4
moderno,4
realiz,4
dream,4
turkei,4
mapl,4
free,4
parent,4
smoke,4
sammiaren,4
especi,4
vega,4
doctor,4
sting,4
sale,4
wil,4
vece,4
suzannesaysthat,4
obe,4
ximo,4
siento,4
uwtpfu,4
nunca,4
next,4
intellig,4
silli,4
onc,4
voi,4
inspir,4
claw,4
alex,4
veo,4
bing,4
webtherapi,4
great,4
hablan,4
tweet,4
cxr,4
genial,4
duplasinolvid,4
cont,4
com,4
uri,4
aparec,4
tree,4
uno,4
ebe,4
eat,4
gustado,4
met,4
delici,4
relationship,4
natur,4
awkward,4
misterbsid,4
amaz,4
lmfao,4
woman,4
shirt,4
triplet,4
dio,4
die,4
beaver,4
joke,5
ref,5
scene,5
world,5
jordanleepatton,5
sad,5
dando,5
brother,5
beebe,5
ser,5
fetu,5
vraiment,5
terrifi,5
turn,5
favorita,5
wbsfqdwm,5
anim,5
figur,5
simmon,5
aider,5
dinner,5
tonta,5
down,5
pandaa,5
burn,5
introduc,5
put,5
beep,5
fc,5
ai,5
door,5
nw,5
os,5
mr,5
swaggiest,5
gracia,5
norton,5
vi,5
park,5
ayo,5
decid,5
pant,5
school,5
tomorrow,5
hermano,5
appel,5
fav,5
fan,5
popozuda,5
seinfeld,5
boyfriend,5
guitar,5
envi,5
rate,5
nutti,5
esa,5
jessacuhh,5
ela,5
nou,5
realis,5
argu,5
style,5
biancaaaaax,5
cours,5
french,5
gai,5
rins,5
phobophobia,5
happi,5
clip,5
aimerai,5
allow,5
ver,5
hour,5
phobia,5
hold,5
funniestbitchev,5
swear,5
download,5
cry,5
avdw,5
leg,5
comput,5
choos,5
gene,5
lather,5
last,5
upcom,5
leagu,5
edward,5
kick,5
follow,5
harri,5
king,5
deo,5
bestoffriendstv,6
hahahaha,6
posit,6
truth,6
sure,6
teach,6
group,6
sex,6
trillizo,6
feed,6
comedi,6
bestshowev,6
blond,6
nice,6
rubia,6
evolu,6
jajajajaja,6
prozac,6
entertain,6
eu,6
crap,6
al,6
month,6
ni,6
xd,6
aww,6
string,6
repeat,6
hang,6
ask,6
fat,6
classic,6
igual,6
disneyland,6
nooo,6
pregnant,6
madisonleigh,6
sticki,6
jaja,6
era,6
eastcoastbarbi,6
won,6
jamb,6
aveng,6
pictur,6
cute,6
embarazada,6
video,6
dan,6
hope,6
cooki,6
greet,6
adida,6
ugli,6
season,6
man,6
sister,6
ticket,6
try,6
peru,6
date,6
older,6
laid,6
damn,6
kill,6
juliatruong,6
origin,6
meet,7
freak,7
giant,7
saw,7
sin,7
ursula,7
daughter,7
didn,7
big,7
stai,7
iquot,7
believ,7
jajajaja,7
di,7
sabe,7
regina,7
para,7
shit,7
made,7
year,7
end,7
known,7
fire,7
todai,7
oth,7
definit,7
went,7
promis,7
dad,7
reason,7
mad,7
alison,7
santa,7
hoeb,7
david,7
kind,7
bien,7
vien,8
pigeon,8
lolfish,8
valesca,8
hei,8
final,8
goe,8
sorri,8
lisakudrow,8
move,8
crazi,8
tdude,8
part,8
encanta,8
random,8
central,8
buffet,8
happyend,8
hace,8
fall,8
barn,8
vez,8
cop,8
corr,8
cold,8
first,8
sleep,8
mai,8
wanna,8
live,8
cada,9
todo,9
alarm,9
soi,9
hit,9
por,9
actual,9
long,9
pa,9
hi,9
ja,9
hard,9
coupl,9
risa,9
wai,9
tulo,9
refer,9
geller,10
birth,10
real,10
mean,10
sick,10
ble,10
bad,10
star,10
night,10
doesn,10
husband,10
unsoci,10
um,10
hate,10
ya,10
yeah,10
oeb,10
cuando,10
heart,10
footbal,10
old,10
rach,10
take,10
seen,10
sound,10
beauti,10
toi,10
del,10
son,11
god,11
eb,11
amo,11
aw,11
si,11
ye,11
getglu,11
okai,11
tien,11
let,11
capitulo,11
pero,11
homosexu,12
somedai,12
hell,12
resultado,12
orangotag,12
elig,12
stab,12
plai,12
gonna,12
cap,12
bebe,12
da,12
ah,12
je,12
su,12
xx,12
new,12
frinkler,12
miss,12
srchiflado,12
assisti,12
well,12
weird,12
superbowl,13
premio,13
pica,13
call,13
bai,13
na,13
peopl,13
monei,13
rememb,13
daba,13
here,14
laugh,14
sexi,14
favorito,14
ello,14
voic,14
ha,14
ph,14
knew,14
girl,14
una,14
order,14
esta,15
feel,15
funniest,15
youtub,15
go,15
hilari,15
dont,15
im,15
littl,15
kiss,15
historia,15
green,15
actriz,15
igetthatalot,16
remind,16
seri,16
er,16
am,16
mi,16
est,16
still,16
algo,16
challeng,16
head,17
viendo,17
bui,17
ve,17
rachael,17
right,17
mon,17
ma,18
personaj,18
make,18
lmao,18
need,18
person,18
hahaha,19
ep,19
yo,19
wed,19
marri,19
prison,19
thought,20
tell,20
name,20
kudrow,20
omg,20
see,21
lisa,21
sing,22
look,22
ass,22
se,23
birthdai,23
lobster,23
mate,24
bitch,25
give,25
moment,25
don,25
le,26
ollielock,27
tu,27
con,27
song,28
mike,28
mejor,29
wish,29
ll,29
photoset,30
onli,30
life,31
funni,31
haha,31
rat,33
sai,33
favorit,33
work,33
tv,34
time,35
un,36
como,36
back,37
come,37
cat,38
smelly,38
baby,38
think,40
know,44
favourite,45
show,45
lt,46
gui,49
dai,49
can,51
el,52
lo,55
buffay,55
now,55
charact,55
quot,57
lol,60
gt,61
run,67
watch,67
es,69
en,74
want,77
best,91
episod,99
la,103
love,150
rachel,175
chandler,187
monica,199
ross,218
joei,238
de,257
like,269
phoeb,1541
friend,1556

