total,3633
twang,1
ostrac,1
junto,1
florida,1
joke,1
junta,1
uuwel,1
heeh,1
gvgyii,1
coolest,1
answer,1
theater,1
ednag,1
descanso,1
dawn,1
cbsyvvhi,1
leahmcbroom,1
inapropiada,1
tome,1
piss,1
cvncalkr,1
rey,1
geller,1
john,1
piso,1
sweetheart,1
biggest,1
chandlerrossphoebejoeymonica,1
fkbaxx,1
avion,1
selinski,1
maysonlawy,1
incomodo,1
jacqu,1
hilarypric,1
tone,1
thisisntfunnymichaelstopit,1
joeyisperfect,1
harrietstig,1
dijo,1
rachelverba,1
muda,1
tooo,1
cabl,1
reilli,1
groover,1
essa,1
guapa,1
chemo,1
reyn,1
motion,1
embora,1
jai,1
andygshoot,1
mislead,1
barber,1
esqu,1
rcc,1
keysiewatp,1
connect,1
toqu,1
giantsalldai,1
fanat,1
corin,1
matrimonio,1
bfalchuk,1
possibli,1
haileyann,1
eemmmaarr,1
braun,1
johnmarkmc,1
biscuit,1
ran,1
fanci,1
invadir,1
devoncampbel,1
qzkuc,1
anglerrrr,1
ercho,1
hasta,1
basta,1
spanish,1
toch,1
rissa,1
lindzzz,1
cqgr,1
rob,1
aalepag,1
armless,1
todd,1
road,1
dammit,1
feedzilla,1
rschmied,1
joe,1
jesscrippss,1
unfathom,1
previd,1
hwae,1
wjsgozpt,1
melo,1
lpwe,1
awwww,1
mikesacunt,1
tanen,1
nauticalnat,1
framboesa,1
exampl,1
kkkk,1
dayweekend,1
zrbtmfmm,1
xzkaddpk,1
perdido,1
amadeo,1
whini,1
rogu,1
mistytron,1
holliman,1
alleeparrott,1
hjqlsm,1
stefflovich,1
writer,1
younger,1
hero,1
kayle,1
alain,1
apeuro,1
candaceciongoli,1
vaiv,1
strawberryjam,1
moffett,1
polish,1
stephaniefay,1
singleforlif,1
watson,1
damon,1
cranki,1
laurenbeir,1
justwatch,1
rir,1
igotofftheplan,1
fkdhdkjgh,1
delciddl,1
offer,1
fluke,1
angela,1
smorgggg,1
fought,1
emrgenc,1
ito,1
pichnett,1
aoklag,1
hubiera,1
pamdrak,1
funnymo,1
disabl,1
pido,1
presh,1
camilleteam,1
poser,1
pida,1
overli,1
meta,1
iron,1
elena,1
happybirthdaybobmarlei,1
meto,1
helium,1
rachfech,1
yazminjalil,1
stoneman,1
sarcasm,1
exactli,1
trust,1
prelimrevi,1
insult,1
nutshel,1
bestbirthdayev,1
ahhhhhhhh,1
escritor,1
hwkt,1
definindo,1
thefirstnoei,1
eminem,1
tvvr,1
vist,1
ioj,1
mundial,1
cast,1
resumenescortosdeseri,1
coincid,1
casi,1
insurg,1
diamondinthaski,1
ijjl,1
mechellei,1
subtitl,1
liam,1
merda,1
kekonyolan,1
odio,1
rachelheartzsoh,1
jkilaugh,1
hahahah,1
pipper,1
sooo,1
uuatuvxq,1
stanisla,1
xddd,1
replac,1
classi,1
caleb,1
charli,1
zero,1
sal,1
jesu,1
tote,1
draw,1
pink,1
pangemanan,1
josh,1
tosi,1
hablaba,1
birri,1
jessatthedisco,1
lmaoooo,1
therefor,1
dando,1
voxer,1
prob,1
polakoff,1
flip,1
kirstenmeckola,1
viciada,1
prom,1
pqpcjru,1
laura,1
princessthea,1
recuerdo,1
jivafang,1
cait,1
kweezzz,1
sweetdsargofan,1
charlea,1
mucker,1
towi,1
medio,1
hahahaaa,1
newyorkhabitat,1
eeztiv,1
golden,1
rachelgreen,1
gross,1
paper,1
patrickalan,1
docum,1
debra,1
femin,1
caedu,1
sixteen,1
chri,1
angelaeagl,1
kaitlyn,1
knofnmb,1
pastri,1
impos,1
acuerdo,1
target,1
dawojen,1
benxkvol,1
fresca,1
gianni,1
gigipetaccio,1
vien,1
spursnat,1
whatsyourbeef,1
visit,1
awkwardrachael,1
bugzym,1
salon,1
shelovesmit,1
adamdodd,1
she,1
collin,1
partner,1
nevergetsold,1
effici,1
chloesmith,1
marmiton,1
informacion,1
death,1
lindsei,1
kylieireland,1
view,1
mtayhal,1
seyfri,1
pillow,1
emotiva,1
caballo,1
whycantihaveross,1
babin,1
sjv,1
sjo,1
kgq,1
perci,1
reaikany,1
canap,1
goodfriend,1
rachelreevesmp,1
hottest,1
sunset,1
hannah,1
hellonheel,1
alexissss,1
michel,1
horanpayn,1
sexxylexii,1
kei,1
pipocacafecinem,1
nishiuchi,1
hookedonfriend,1
caitlinketchup,1
boda,1
omggg,1
lgnp,1
diplom,1
wall,1
thisism,1
ser,1
hairdo,1
vbocwdvn,1
daddi,1
societi,1
wake,1
artist,1
nito,1
audio,1
iseri,1
sei,1
amandayong,1
chitrangdha,1
fell,1
ther,1
thevow,1
mariya,1
kqh,1
nina,1
lesson,1
lilwoodaai,1
church,1
uhifgqsj,1
gsdkla,1
son,1
stillakid,1
sod,1
eric,1
concorrendo,1
tulula,1
srg,1
everyon,1
popcultur,1
zealand,1
xanathlamberg,1
mmmh,1
micktini,1
hunter,1
fehr,1
huggin,1
resulta,1
freind,1
causa,1
acostaba,1
robotrachie,1
badcomparison,1
defffff,1
squeaki,1
stuff,1
mother,1
ticempn,1
karaaaboo,1
kku,1
finendo,1
steve,1
laraaxo,1
xkbzn,1
smz,1
dejan,1
serv,1
stuck,1
iflookscouldkil,1
kkk,1
baburao,1
youuuu,1
louisestewart,1
racheloxendin,1
smp,1
stupidli,1
harriet,1
femm,1
mckibben,1
jhennessi,1
sma,1
smh,1
gleecast,1
ainda,1
passei,1
encapricha,1
samantha,1
wayn,1
wrote,1
rumo,1
dawson,1
nastyneen,1
mavksl,1
maisumach,1
dancer,1
turn,1
looot,1
hahhah,1
engul,1
huddl,1
thebettermom,1
laurenkirkwood,1
kakamarinho,1
dunno,1
shower,1
soooo,1
jgulian,1
katiehanlei,1
forrealtho,1
similitud,1
megydavi,1
sunglass,1
grub,1
assum,1
neverfail,1
reem,1
laddi,1
detail,1
toronto,1
album,1
jarrett,1
grrq,1
goaskfrancesca,1
yumnatarian,1
dancin,1
sto,1
godwin,1
epictweet,1
bradi,1
perfectcoupl,1
model,1
sub,1
rzklnw,1
sfmo,1
homewreck,1
sun,1
casava,1
kuda,1
hallx,1
discutiendo,1
accent,1
tusa,1
rush,1
saldr,1
michaelscott,1
teamrossandrachel,1
txzbbx,1
girli,1
gloweeezi,1
pretzel,1
sturm,1
selfish,1
accept,1
bouta,1
traceparr,1
samlyna,1
malibu,1
bahaha,1
guild,1
rude,1
dissert,1
amraz,1
rudd,1
kan,1
whinei,1
scartak,1
zyr,1
boil,1
porter,1
xxxxxxxxx,1
tax,1
abigail,1
tao,1
tan,1
taaashhhha,1
rend,1
blakelei,1
shezgotyouhigh,1
barron,1
charleydolan,1
length,1
rent,1
luckili,1
barbie,1
besalooo,1
recordaba,1
bueno,1
luchamo,1
hungergamestweet,1
stun,1
stud,1
brand,1
amieroaden,1
waitress,1
buena,1
infinit,1
salio,1
custom,1
murder,1
wire,1
tqzdq,1
tannerwilson,1
luvlyyx,1
coisa,1
cgom,1
zimbio,1
rest,1
wavi,1
stop,1
warm,1
dico,1
sunni,1
salli,1
warp,1
bone,1
meat,1
wash,1
dick,1
azealiabank,1
perfec,1
bestlovestoryev,1
passou,1
cjuzvh,1
wasn,1
entri,1
steeb,1
supportplayboi,1
hahahahhahaha,1
annn,1
zlrvue,1
badtim,1
fenamari,1
putonabra,1
itsbenhood,1
ecesu,1
tend,1
behar,1
smidl,1
lynett,1
nake,1
ybnimdnf,1
subwai,1
recomienda,1
kensleylaw,1
qkioirkd,1
voce,1
project,1
completament,1
parto,1
profe,1
spolt,1
morganmcginni,1
wesleyharriott,1
rival,1
murphi,1
dikrjain,1
goodby,1
dieron,1
wakingupsuck,1
christina,1
maziqu,1
theonewhererossfindsout,1
parqu,1
salari,1
stil,1
pickl,1
gravidez,1
encontr,1
ahhh,1
neilmanuel,1
deadcon,1
sneez,1
boa,1
irwannof,1
mebeeyingm,1
grito,1
tejp,1
offens,1
whadduprach,1
kess,1
mamamitz,1
elvr,1
chewwwi,1
pcb,1
sigh,1
messi,1
adammurciano,1
gabbitup,1
eonlin,1
argentina,1
twittervers,1
alsop,1
bpx,1
babybeck,1
sheila,1
bom,1
nane,1
hdf,1
poppi,1
marleymc,1
theawkwardmo,1
highlight,1
olsen,1
situa,1
ban,1
frankiecocozza,1
kent,1
txrangersjam,1
harlow,1
hxgzo,1
celebr,1
devinjmedina,1
secretli,1
kingg,1
missarianaleigh,1
hospit,1
klassmyleen,1
pft,1
kept,1
smellysmellysmellysmellycatsmellycat,1
elli,1
reedxo,1
peo,1
focu,1
canso,1
ahah,1
artfulpuck,1
hip,1
neighbor,1
spitzka,1
brookeruggless,1
anesthesia,1
betsygraychild,1
hiv,1
bestest,1
buzz,1
tear,1
thatembarassingmo,1
plz,1
cantan,1
cantar,1
pensando,1
notaword,1
ramonashelburn,1
grima,1
enter,1
team,1
discov,1
chicharito,1
mikei,1
bet,1
duvet,1
manera,1
wentworth,1
falar,1
eryndineen,1
racheelgutzz,1
demasiado,1
arnettkristen,1
easi,1
cheadler,1
cruis,1
pata,1
denovo,1
tuesdaycatchup,1
springwat,1
kuni,1
shanefilan,1
youd,1
liggett,1
kemp,1
wooow,1
domsmeatshop,1
proud,1
mulherzinha,1
santana,1
step,1
beccyrkc,1
dummi,1
ashleighhamman,1
gameswithfriendsiuuuii,1
oxynar,1
breteastonelli,1
poheb,1
ygrol,1
absurd,1
quier,1
etkkfzmv,1
nooooooo,1
crank,1
awwwww,1
piensa,1
eterna,1
darthlynd,1
getchalif,1
informaci,1
paisleyelayn,1
carton,1
apothecari,1
bull,1
theee,1
weep,1
hopefulli,1
hype,1
pss,1
bust,1
anston,1
ybky,1
ashmo,1
sobrenom,1
rebel,1
tcunninghammp,1
yosun,1
tuvpulk,1
yiang,1
mylittlebird,1
car,1
niec,1
rachelsaywhaat,1
wuai,1
lvzh,1
oxnf,1
ampradio,1
janic,1
patriot,1
cab,1
earthsystem,1
grl,1
dork,1
petition,1
estou,1
thoma,1
oopx,1
altar,1
fiorenza,1
orchard,1
mismo,1
prz,1
cuplikn,1
nyce,1
couldn,1
pro,1
weak,1
latest,1
babymoth,1
jajajajaja,1
jrayel,1
theywerenotonabreak,1
bethel,1
vqszfwhi,1
gum,1
estan,1
alexchristinex,1
ssom,1
theporch,1
santarelli,1
reconsid,1
prefiro,1
meanest,1
gheorghetheblog,1
jameswood,1
switch,1
twice,1
buen,1
pilat,1
simplylavish,1
sydneybarlett,1
curti,1
maddow,1
ridicul,1
zeitler,1
nohomo,1
casamento,1
btw,1
usag,1
laurencarless,1
sabia,1
travel,1
commfood,1
cousteau,1
yzy,1
menudo,1
kathlynlalli,1
bangchiquibangbang,1
lowkei,1
sina,1
bieber,1
tcomplain,1
madndizze,1
corymonteith,1
complim,1
cruzz,1
rachet,1
stalker,1
misti,1
junk,1
carissadimattia,1
gogginatorrr,1
parem,1
faveeee,1
organ,1
preciou,1
moni,1
haberl,1
describir,1
wardrob,1
fm,1
jacobbechtel,1
brewsleen,1
ft,1
deep,1
coldmuch,1
hendri,1
gaga,1
notmarcsta,1
christiann,1
ha,1
gi,1
aim,1
mont,1
gv,1
iba,1
air,1
mybestfriendshatey,1
pacaran,1
sentia,1
dy,1
eb,1
ahh,1
curli,1
ez,1
fa,1
cyberbulli,1
ngom,1
eh,1
needa,1
agn,1
agp,1
debi,1
qfvvhql,1
qdo,1
calefactor,1
normal,1
affec,1
stone,1
bu,1
deal,1
bk,1
dubber,1
ano,1
ann,1
bb,1
daniiimcdonald,1
dead,1
querido,1
cierto,1
deaf,1
db,1
abbott,1
cu,1
ilovetherachel,1
ck,1
lend,1
sabemo,1
collect,1
cd,1
forgetnurs,1
saca,1
husband,1
stole,1
rachann,1
exacto,1
ali,1
ay,1
ba,1
maggi,1
ybb,1
ericatwopointoh,1
ax,1
handl,1
trabajo,1
ao,1
notan,1
color,1
gama,1
retweet,1
holland,1
idc,1
ac,1
forget,1
yah,1
yai,1
abb,1
iik,1
forgotten,1
abt,1
correct,1
jamescalleja,1
op,1
maybe,1
buuhxwdi,1
cliff,1
oq,1
zayn,1
perdon,1
board,1
commend,1
alejandraaaa,1
month,1
comment,1
rachru,1
small,1
expert,1
lm,1
prolongar,1
click,1
nickburn,1
bookbind,1
kybrileah,1
me,1
cuida,1
ml,1
cutie,1
indigotweeti,1
mp,1
purchas,1
mt,1
mw,1
product,1
nc,1
experi,1
gleekygle,1
terceira,1
reinstat,1
nh,1
ni,1
creo,1
destin,1
imo,1
ju,1
benjamin,1
jr,1
jp,1
jo,1
jk,1
deja,1
italia,1
train,1
lovey,1
vufxr,1
jz,1
mkline,1
ky,1
kt,1
ko,1
ygp,1
bonkadonkk,1
dificil,1
hughlauri,1
lectur,1
phresh,1
justcindeh,1
lawlei,1
hp,1
kathrynj,1
zijn,1
blum,1
karaclark,1
crawford,1
puck,1
taylerle,1
ir,1
paranormalxp,1
kodakmomentmuch,1
louisem,1
doll,1
afternoon,1
ack,1
ix,1
smash,1
tamer,1
ili,1
spenc,1
deff,1
pyepatterson,1
importantisima,1
jngvj,1
loveh,1
jc,1
ada,1
lose,1
je,1
acz,1
jammi,1
smart,1
hoamv,1
xo,1
strang,1
funcion,1
xv,1
cima,1
ww,1
xb,1
ohwait,1
insultofavorito,1
bizarr,1
scherbatski,1
ughhormon,1
xqt,1
phelan,1
vz,1
hoi,1
jyhycwn,1
hop,1
we,1
decir,1
fragal,1
isla,1
vo,1
primros,1
estampa,1
uy,1
ux,1
gtvipx,1
vc,1
cotoknowsbest,1
ui,1
misspel,1
uf,1
ayr,1
dest,1
nigga,1
pregunt,1
maberoja,1
string,1
ashleep,1
tr,1
round,1
tk,1
ostracismo,1
sz,1
dessert,1
jonathan,1
whatasham,1
sh,1
hardin,1
factsabtmyla,1
hablando,1
chorar,1
sa,1
consegu,1
rs,1
poorli,1
viator,1
fgec,1
heladera,1
pasaj,1
rusel,1
ri,1
rf,1
klaff,1
lento,1
sniktt,1
gleeonfox,1
ra,1
shut,1
hjjhh,1
febrero,1
caitlingirl,1
dantonio,1
bunch,1
xox,1
qq,1
includ,1
yahh,1
qe,1
hockei,1
mortacu,1
pt,1
foto,1
respigando,1
pq,1
ps,1
drama,1
expect,1
open,1
midnight,1
oper,1
caffe,1
arm,1
abbeyg,1
gellar,1
form,1
imagin,1
besalo,1
sidebar,1
xyl,1
monei,1
hawk,1
fierc,1
porqu,1
ash,1
itfrmw,1
escrib,1
asl,1
gleektweet,1
ufhhqh,1
pair,1
contact,1
practic,1
hwl,1
maidai,1
jordanmelodyi,1
mock,1
apt,1
jaclynisi,1
lbradford,1
hayl,1
attach,1
cahholiv,1
attack,1
whatateas,1
scooterbeanbag,1
ava,1
chulazo,1
fisher,1
proper,1
shoe,1
xxxxxx,1
lionelsnod,1
font,1
geordi,1
ahaha,1
food,1
yjfneq,1
ssxawvi,1
rxeodf,1
zd,1
escrit,1
vintag,1
nmwatson,1
tomar,1
formo,1
ati,1
igethatalot,1
kcqrwm,1
yf,1
folk,1
wktu,1
aun,1
term,1
xoforeveryour,1
yl,1
sooofunni,1
lorna,1
ashgail,1
johnsonn,1
doesnt,1
xokissthecakez,1
role,1
stylesxox,1
peopleilov,1
toobadyourenotastalentedasiam,1
lherd,1
sequel,1
crisrubio,1
fee,1
viven,1
totalment,1
mazel,1
leer,1
fen,1
fei,1
korn,1
apolog,1
ouch,1
smelli,1
raxo,1
entr,1
lovesick,1
kaleycuoco,1
yesterdai,1
looool,1
ottawa,1
farah,1
loooov,1
viajar,1
kayitskp,1
amarzinski,1
guest,1
serbgoinham,1
kgsn,1
unagi,1
hahah,1
kicker,1
march,1
flowershow,1
rcstev,1
fav,1
sugartitt,1
luck,1
ndo,1
fam,1
natasha,1
inlov,1
glenda,1
romp,1
nao,1
direc,1
distant,1
morava,1
tommyhook,1
fonsi,1
gomez,1
eleganttaylor,1
deaddddddddd,1
main,1
igual,1
copynumbersix,1
romi,1
mikiah,1
cantina,1
report,1
daisi,1
impresionant,1
hill,1
ihvbo,1
rose,1
danybabyxo,1
ayudant,1
ripccaoq,1
yetti,1
mccarron,1
puedo,1
needsomevolum,1
iloveyouboth,1
adjust,1
fiction,1
water,1
taylerrrrr,1
hijo,1
browniie,1
darth,1
kristi,1
encanta,1
beckah,1
nose,1
penni,1
zaynmhatesm,1
beast,1
jajajajajajajajaja,1
rare,1
xdd,1
eyi,1
fionamcdonald,1
punch,1
scroll,1
eww,1
jahnk,1
hutcherson,1
appli,1
clairecolemann,1
mucho,1
escribir,1
maci,1
nooo,1
raenglish,1
acidophilu,1
raud,1
festejan,1
carolin,1
mommi,1
unfollow,1
bilman,1
heheh,1
acontec,1
twiterless,1
wiata,1
roug,1
spread,1
thecrowmi,1
yeaa,1
ouro,1
esp,1
eso,1
rachelmcke,1
annapickard,1
wud,1
oscarsparrow,1
richard,1
athensdriveyl,1
muffin,1
jake,1
jejejej,1
gleetv,1
personagen,1
eva,1
topchef,1
strike,1
ashleylaur,1
juqeim,1
jaja,1
pmsl,1
bridget,1
celeb,1
unagyyi,1
quickli,1
alter,1
phebe,1
wtf,1
mate,1
credittt,1
cdinorah,1
chriscapozzi,1
annalizex,1
ching,1
cantando,1
rsnoui,1
china,1
benbocquelet,1
dezduron,1
ooooo,1
everith,1
ydsbu,1
legal,1
pheeb,1
nuttt,1
oreal,1
weeeeeeener,1
vera,1
landolph,1
question,1
dilanjut,1
gameswithfriendsjk,1
verm,1
wednesdaysonli,1
ixksqv,1
tvrane,1
actresssingerrp,1
maya,1
riendo,1
pretend,1
lovenhaterelationship,1
ekk,1
stare,1
shophol,1
jasmin,1
personnag,1
swaggurl,1
mila,1
patshairsalon,1
oysterhotel,1
theyll,1
mana,1
tuesdai,1
quedara,1
solid,1
starr,1
ema,1
helena,1
teamnolif,1
pensado,1
libro,1
antitwitt,1
jare,1
blanket,1
upset,1
rgeorgee,1
ent,1
chaptersindigo,1
tarakristan,1
lmaoooooo,1
rituitan,1
kaymfpo,1
sharon,1
iwantyouuntilyouwantm,1
estaba,1
pibe,1
whatsintheb,1
skip,1
stimei,1
realis,1
marc,1
comed,1
xxambermxox,1
teerreessa,1
rbdn,1
recebeu,1
maru,1
axxpr,1
hamish,1
known,1
yayayai,1
senior,1
jane,1
mcsalerno,1
combo,1
melodiemurrai,1
akllv,1
zlnyc,1
layna,1
miro,1
ergun,1
woo,1
won,1
veia,1
mindfuck,1
myla,1
endogamia,1
nic,1
diggin,1
greatest,1
labour,1
shoulder,1
tashaa,1
girlcrush,1
onsisto,1
zapp,1
chronicl,1
februari,1
ivegot,1
andreajvt,1
albertsoyyo,1
hmlzm,1
clone,1
pointlesstweet,1
vendedora,1
austinmahon,1
parent,1
bobrei,1
gcfa,1
smoke,1
gin,1
salmon,1
ulaaax,1
loooooooooool,1
oir,1
gallizio,1
screw,1
hablemo,1
wen,1
sarahgibsonx,1
dianna,1
sane,1
wel,1
erica,1
foubd,1
ojo,1
musunuz,1
abegail,1
sweeet,1
johnson,1
yourawizarddani,1
vieja,1
sami,1
behalf,1
argo,1
who,1
ilovefinngle,1
obv,1
lyntwjql,1
lxoxo,1
mijn,1
gravi,1
odi,1
banig,1
larson,1
guidanc,1
shoulda,1
jessca,1
acredito,1
emmi,1
mlkappel,1
weeeeeineer,1
ultimo,1
escucho,1
nourric,1
releas,1
rweezyi,1
massiv,1
tergalact,1
minaj,1
arfa,1
goatt,1
stand,1
entera,1
mommom,1
french,1
rachelrgarcia,1
hagan,1
knife,1
dunn,1
heart,1
third,1
turkish,1
niamhmccollum,1
passada,1
katherin,1
carolina,1
kkkkkkkk,1
comida,1
imjeal,1
gosto,1
jackson,1
bbxm,1
aaaaaw,1
viera,1
favortieepisod,1
parallelunivers,1
differ,1
justsayin,1
chidezilla,1
notthatinot,1
cgilli,1
rachelmfnaea,1
duro,1
anxieti,1
faberri,1
logess,1
idol,1
ummm,1
sairclark,1
novio,1
pizza,1
racheljoli,1
uhulwrnt,1
wan,1
diyeceksiniz,1
riss,1
thisi,1
epmkk,1
poet,1
swart,1
jacqit,1
alexmuccixoxo,1
definitivament,1
katelynm,1
sloanee,1
saro,1
hidden,1
arnt,1
jacksonyak,1
bonheur,1
amaralcassi,1
thebachelor,1
recon,1
meredith,1
dicho,1
sobornando,1
disso,1
condol,1
kenziee,1
involv,1
ihnkv,1
declaro,1
oww,1
wharam,1
annaliseknudson,1
immm,1
sbcl,1
riakershaw,1
suchaclass,1
fvh,1
theoriginalbul,1
joatemyheart,1
hollybrewington,1
minnelli,1
rosel,1
hain,1
geniu,1
haii,1
thatsexiswagg,1
snuggl,1
snack,1
culo,1
bianca,1
weiz,1
queue,1
gemmasj,1
consequ,1
joshua,1
allen,1
jjjj,1
recett,1
suckstosuck,1
nickelodeon,1
ketauan,1
tifhqm,1
zydyk,1
size,1
angel,1
pasada,1
awsom,1
lizziemyworld,1
cancion,1
ftw,1
defin,1
thatkidfe,1
abus,1
mhvm,1
reserv,1
longhairlov,1
ryan,1
alexlynn,1
photographi,1
clip,1
rachelwojo,1
andreaparson,1
sydnei,1
frm,1
cocozza,1
wolf,1
kellei,1
ouq,1
fox,1
takin,1
for,1
vio,1
cual,1
cover,1
vin,1
rendition,1
vid,1
jenni,1
escriba,1
ooh,1
oog,1
fair,1
fait,1
hunger,1
ajajajajaja,1
weon,1
teenag,1
quero,1
ylleswow,1
izobregon,1
randomtweet,1
evil,1
yourethebest,1
oop,1
position,1
ground,1
org,1
graciee,1
fml,1
joooo,1
lmfaolmfaolmfaolmfao,1
cachonda,1
lolapreka,1
joooi,1
tryna,1
jiahui,1
clearli,1
groceri,1
fineee,1
welcom,1
xbkionxu,1
caiga,1
fala,1
serverna,1
promis,1
amandal,1
grana,1
kkkkkkkkkkk,1
daaah,1
truelov,1
getreadi,1
fli,1
letter,1
quantoba,1
ragon,1
rbanaag,1
iman,1
jorjaaa,1
ride,1
ond,1
allow,1
hahahahaha,1
fil,1
voc,1
fazer,1
duec,1
voi,1
passion,1
vou,1
tambien,1
wotr,1
rich,1
fill,1
dizer,1
dude,1
cinema,1
agrim,1
clap,1
riddlebrook,1
jealoussss,1
igivethatalot,1
empressblondii,1
tarawil,1
limpiaba,1
ubkeyg,1
holdmyhandsdown,1
codenam,1
tait,1
lauver,1
tavern,1
jajja,1
purerud,1
worship,1
tina,1
carli,1
aunqu,1
gordon,1
fave,1
consigu,1
selena,1
noooo,1
mixtur,1
stroud,1
materialist,1
elizabeth,1
muahaha,1
fyacp,1
algo,1
cjzzbmky,1
bang,1
awwwwwww,1
creat,1
balz,1
giffin,1
tamb,1
esmaha,1
ruewbj,1
alli,1
cooki,1
byrg,1
lad,1
shepherd,1
nostalg,1
creek,1
lan,1
shaveyopub,1
tall,1
sorprenderm,1
yourekindoffunni,1
hora,1
tuitmuyserio,1
crazygirl,1
cup,1
popcorn,1
restaur,1
respondia,1
munro,1
mannequin,1
referenc,1
stroke,1
paolinesp,1
jico,1
hoje,1
wimp,1
jordan,1
rzrachelzo,1
atleastiam,1
shoot,1
marianepoli,1
hazel,1
shore,1
accident,1
rhoc,1
depoi,1
goddamn,1
kelseybmalon,1
kst,1
quinlan,1
cridermomof,1
greet,1
vegan,1
springbreak,1
iperri,1
cut,1
yeeeee,1
vbrtaqb,1
yndykpj,1
survivor,1
osea,1
matti,1
bestpartofthenight,1
request,1
syndielynn,1
miller,1
muert,1
iamtich,1
revolt,1
djthistl,1
strong,1
followh,1
deixei,1
clube,1
rabbit,1
comento,1
mvlove,1
ellieljustin,1
vocabulari,1
wilson,1
misinterpret,1
oejzv,1
gnuv,1
aloha,1
dentist,1
tediou,1
tipo,1
mcgill,1
awhil,1
ashalapest,1
iycpvdlj,1
hung,1
docteur,1
empezando,1
mxcob,1
vriendinnetj,1
usada,1
ipod,1
justsai,1
sundai,1
danirckstr,1
brunett,1
rayrai,1
lunchdat,1
macyi,1
low,1
videito,1
lolololololol,1
adoro,1
captain,1
ugli,1
lakeshow,1
alexconstancio,1
nicetit,1
gagaatemyheart,1
missin,1
primero,1
uta,1
cmnfo,1
margaret,1
unex,1
maycheww,1
dantealwaystayn,1
south,1
qual,1
mattnewton,1
marcidrees,1
coo,1
siiii,1
cow,1
coz,1
blain,1
lua,1
cpr,1
alexisaltarac,1
barbi,1
darwin,1
amarshanda,1
bombbb,1
joder,1
olivia,1
cori,1
camillia,1
hull,1
hochk,1
fortun,1
hahahahahahahaha,1
cosa,1
cennazav,1
metida,1
quer,1
aparec,1
julia,1
karle,1
ktfieldssss,1
csm,1
casal,1
jillian,1
metido,1
umm,1
classicrossandrachel,1
taablyth,1
blame,1
avec,1
mikaela,1
drewbennett,1
bigmacpeac,1
vuelvo,1
disput,1
ung,1
shesth,1
prayer,1
clairepet,1
guerra,1
sammyrega,1
yjrjiki,1
fxxehn,1
fairytaleofdust,1
poss,1
cgb,1
kjfdhg,1
bilson,1
phoebeross,1
anthoni,1
troll,1
cheeyinnn,1
uvmer,1
tiempo,1
loveya,1
chora,1
jenniesallen,1
sens,1
uncl,1
dannyharri,1
henderson,1
becki,1
twareperfectx,1
gusta,1
mambo,1
mosals,1
affair,1
achel,1
macciaioli,1
liz,1
nicki,1
mylaelexi,1
gemma,1
adam,1
joeytribbiani,1
indiralovesy,1
weeeiner,1
brittwill,1
adel,1
lawl,1
romantiqu,1
liza,1
conviert,1
thread,1
cgbvqlgt,1
lololol,1
wouha,1
geek,1
irideinsid,1
hannahmosk,1
overwhelm,1
awwwhhh,1
review,1
alexi,1
inappropri,1
aleishazan,1
rabino,1
shedikillah,1
importa,1
udu,1
mat,1
finalment,1
hanlin,1
feelfreetojudg,1
heartmelt,1
closerlook,1
operationarmi,1
heterosexu,1
repita,1
davidlammi,1
eej,1
learn,1
burst,1
idolo,1
gleegam,1
cassi,1
mee,1
paulmeshanko,1
meg,1
smoovjonez,1
briann,1
mec,1
samdera,1
uaq,1
kennedi,1
island,1
meu,1
mel,1
trip,1
mujeresdesesperada,1
meh,1
ahead,1
hardcor,1
annoyinghaylei,1
weisz,1
carlygilmor,1
twdoc,1
gustaba,1
robertjeevan,1
viuda,1
nadia,1
rokicki,1
disculpa,1
joeyfit,1
street,1
jckinthebox,1
whiten,1
chuckl,1
limit,1
enrola,1
amorosa,1
paolo,1
petit,1
flew,1
packag,1
aliadl,1
wright,1
karapouliot,1
vicki,1
lwq,1
realist,1
omdfidv,1
lion,1
dvd,1
hector,1
adalh,1
whjl,1
tatimondaini,1
bonappetit,1
karher,1
alguersuarija,1
phrase,1
ncia,1
somethingyoudidntneedtoknow,1
geowild,1
alessi,1
blackburn,1
lata,1
alesso,1
hahahahah,1
puckett,1
freddyamazin,1
extremament,1
berni,1
karai,1
thanksgui,1
extend,1
heatherkopp,1
human,1
guir,1
rebeccafawn,1
itslikethat,1
lisa,1
mpg,1
wyatt,1
dave,1
venga,1
nxxut,1
pezon,1
creatividad,1
cell,1
moo,1
hyster,1
mon,1
matthew,1
hodg,1
repit,1
renner,1
frank,1
peri,1
soprano,1
perf,1
lnawa,1
semana,1
lilmissshazz,1
tgreen,1
excl,1
everth,1
respect,1
powel,1
lucinda,1
kick,1
svuub,1
attend,1
gubz,1
jinfen,1
dtn,1
tvshowchalleng,1
dare,1
lake,1
happyendingsabc,1
dun,1
correr,1
harri,1
bowmann,1
bayonet,1
instantli,1
chinkyybrowney,1
sudden,1
daou,1
lanh,1
toa,1
lembrei,1
longest,1
joeyessex,1
tou,1
tow,1
hicist,1
tom,1
ceraaah,1
duthiemin,1
jajajajajaja,1
globe,1
mui,1
lame,1
spangler,1
shift,1
muslim,1
whoelseisfin,1
dang,1
noooooo,1
jawfojeg,1
kirbi,1
tht,1
tjayvisw,1
slid,1
dgn,1
zvgq,1
allisonkupf,1
oldshow,1
exit,1
booti,1
mundo,1
mrsmerclark,1
lmfao,1
reaction,1
deu,1
kaivu,1
ljntgnxy,1
dex,1
contest,1
vomitar,1
lembrar,1
complican,1
brennamert,1
version,1
heya,1
murrai,1
burtonn,1
heyi,1
podrdmez,1
kenzi,1
campaign,1
mim,1
cientjhe,1
larri,1
shane,1
slip,1
monteith,1
brit,1
uexufmfm,1
contra,1
mid,1
venou,1
conlon,1
casamiento,1
tem,1
jbrouxcrew,1
amen,1
kila,1
mezcla,1
badder,1
kill,1
gear,1
taco,1
dkm,1
qdkywsg,1
jygmqsn,1
morgyn,1
diana,1
jasonrjclark,1
miggi,1
chelsi,1
rflemingg,1
ter,1
treat,1
withw,1
jewish,1
nuestro,1
garnett,1
kajujuz,1
mondler,1
seriefriend,1
order,1
nuestra,1
jamieros,1
dig,1
tho,1
swag,1
origin,1
blonde,1
fianc,1
mcnickl,1
jurong,1
natskiiiii,1
harper,1
jojo,2
event,2
jen,2
jew,2
relief,2
join,2
hahahaha,2
foxgu,2
basic,2
hangov,2
hein,2
perfeita,2
mydream,2
confus,2
torn,2
hello,2
jone,2
weiner,2
fakeywow,2
support,2
roo,2
joi,2
nowwatch,2
jon,2
hell,2
londr,2
quiser,2
tvshowsilov,2
douriv,2
rip,2
femalefirst,2
piec,2
patron,2
sort,2
perri,2
ohhhh,2
ayyyyjam,2
ashleyost,2
horan,2
cara,2
blesshim,2
marshal,2
isa,2
awww,2
lili,2
drive,2
sole,2
sadli,2
jett,2
triosinolvid,2
soir,2
jerk,2
broken,2
annoyedfan,2
thingsthatmakeushappi,2
nasti,2
robert,2
samon,2
cheer,2
fangui,2
ohmyswagggg,2
full,2
rossss,2
itsjustliz,2
sammi,2
alguna,2
teach,2
wail,2
emilydina,2
lobstersforlif,2
lexibulman,2
histori,2
sin,2
perdi,2
sproul,2
relaci,2
fuent,2
nite,2
margarita,2
luckybitch,2
outlaw,2
actor,2
pigeon,2
emotion,2
teahousestudio,2
commun,2
runnin,2
castillomarina,2
design,2
second,2
demilou,2
colleg,2
oleebear,2
thin,2
sera,2
taught,2
whyisntmylifeatvshow,2
felt,2
wrong,2
littleevilpixi,2
kinki,2
alexand,2
common,2
daughter,2
bore,2
babyi,2
rees,2
codysimpson,2
jadelexi,2
gettin,2
ssk,2
reli,2
white,2
sua,2
xraayyi,2
stylist,2
friendsshow,2
feed,2
russ,2
bowl,2
stephaaaani,2
articl,2
blind,2
risssa,2
tag,2
baitlei,2
salga,2
kirankaur,2
director,2
classmat,2
america,2
belden,2
morgiemcd,2
friendsnew,2
claud,2
tayoweilyk,2
rachhelthoma,2
doorwai,2
anna,2
bacon,2
ofzo,2
intonow,2
pisod,2
facumarcuz,2
bnk,2
viendo,2
sign,2
kluarga,2
sigo,2
offend,2
sososo,2
bestshowev,2
pal,2
there,2
singl,2
goofi,2
loveeyouu,2
cerca,2
bar,2
ella,2
butt,2
voit,2
listen,2
voic,2
eurk,2
exact,2
mandakaschx,2
plu,2
kinda,2
theyr,2
pathet,2
your,2
past,2
pass,2
dreezi,2
racquel,2
poi,2
whoop,2
vote,2
demon,2
beth,2
complet,2
gave,2
busi,2
closest,2
believ,2
zorra,2
gse,2
introduc,2
couch,2
pre,2
craft,2
pxp,2
hobbi,2
nicolasmmachado,2
sentindo,2
crisgar,2
juli,2
bedd,2
jump,2
trivia,2
gameswithfriend,2
kansa,2
instrum,2
orang,2
gasp,2
exist,2
begin,2
agre,2
jajajaja,2
puaj,2
gf,2
lord,2
fr,2
virgin,2
xoxo,2
aii,2
sentir,2
du,2
mole,2
ed,2
sheen,2
aha,2
fc,2
aquel,2
bf,2
ant,2
gironzola,2
ct,2
taylar,2
co,2
aint,2
asamifact,2
ag,2
af,2
abi,2
abl,2
nw,2
idiot,2
ou,2
friendsquot,2
region,2
fricken,2
mota,2
lw,2
elainapaquett,2
mm,2
ng,2
account,2
jean,2
cousin,2
morn,2
lover,2
agora,2
lost,2
mvrivasss,2
shazrazzamatazz,2
id,2
ic,2
vriend,2
twenti,2
ill,2
lovee,2
divorc,2
msleamichel,2
readi,2
alguien,2
decim,2
plot,2
butistillloveyal,2
aww,2
grade,2
pari,2
yall,2
hmm,2
cancer,2
hug,2
tp,2
crow,2
td,2
tb,2
su,2
dept,2
st,2
claumenashai,2
sq,2
pump,2
inadvert,2
nation,2
pegou,2
sb,2
edalislecullenx,2
reunion,2
illbetherefory,2
ro,2
rl,2
puke,2
racheldwatson,2
accord,2
timberlak,2
forth,2
dgaf,2
airport,2
delta,2
withipz,2
laurel,2
citi,2
shit,2
stranger,2
speak,2
point,2
greenwhich,2
gambel,2
padr,2
geektom,2
zl,2
truelovedoesexisttt,2
lock,2
flynnn,2
unthink,2
pheebi,2
uteru,2
icanseeyournippl,2
anniston,2
witherspoon,2
nel,2
bitchi,2
mention,2
lead,2
iamrachelcrow,2
taylardunn,2
scheuer,2
faz,2
borrow,2
tough,2
kotch,2
leap,2
appar,2
trifl,2
nbc,2
justingalad,2
session,2
tener,2
lembra,2
curiou,2
socut,2
maldito,2
bdai,2
yahboislanch,2
omgg,2
rate,2
cocina,2
major,2
problem,2
daili,2
nombr,2
wuv,2
sitter,2
pregnant,2
everydai,2
advert,2
pumpfakin,2
slayter,2
italiansardella,2
matt,2
jaim,2
epi,2
youuu,2
chama,2
legacycultur,2
oooonogi,2
wheatgrass,2
high,2
pacei,2
lineup,2
ell,2
weren,2
sxxuafr,2
mind,2
minu,2
chain,2
passando,2
liztursee,2
perceb,2
skin,2
elizalelliottx,2
ehh,2
marr,2
thick,2
blog,2
chick,2
punto,2
lobster,2
caylacruc,2
special,2
nip,2
free,2
search,2
jamilara,2
ohh,2
barnei,2
ayuda,2
nueva,2
mike,2
doctor,2
cutestthingev,2
negri,2
todav,2
bimbumbam,2
poke,2
sorprendo,2
win,2
stani,2
cours,2
cure,2
flirt,2
gag,2
gai,2
gal,2
bubz,2
finnandrachel,2
similar,2
storylin,2
herman,2
save,2
gunna,2
issieameila,2
mudars,2
risa,2
decirl,2
pode,2
kyej,2
excus,2
lilmisstroubl,2
face,2
kaymge,2
molli,2
bucket,2
alweer,2
dlauerrrr,2
niamhjenko,2
tudo,2
pruett,2
woke,2
fallen,2
hace,2
inform,2
calkin,2
hirsch,2
flack,2
hayreyrod,2
foi,2
heather,2
marathon,2
ook,2
velez,2
footbal,2
allum,2
chloe,2
frap,2
fin,2
vckvl,2
inspir,2
hors,2
ralph,2
descubr,2
besti,2
sempr,2
eeasum,2
pheobi,2
aunt,2
basi,2
kati,2
kate,2
friendship,2
hook,2
carol,2
creepi,2
bamm,2
prefer,2
aunti,2
johnothan,2
saddest,2
bestfriend,2
jessi,2
longliveaniston,2
lampasa,2
muahahah,2
cuz,2
hollow,2
marriag,2
loyal,2
baum,2
assist,2
depth,2
tast,2
obsess,2
descobri,2
heett,2
fourteen,2
valentin,2
mcconvil,2
usa,2
analisa,2
comm,2
nineteen,2
defenc,2
thegreyestghost,2
hump,2
kelsei,2
insan,2
csi,2
casam,2
uma,2
pour,2
crevi,2
bestmom,2
sorrynotsorri,2
culpa,2
self,2
maddi,2
lee,2
tich,2
radio,2
send,2
wilfpropheci,2
che,2
match,2
ugh,2
omgggxkshxkb,2
uhh,2
poor,2
embarrass,2
uhm,2
besar,2
howilovefriend,2
provarci,2
netfig,2
trop,2
mac,2
mad,2
max,2
escena,2
slut,2
acepto,2
alison,2
choic,2
allegra,2
practicalwisdom,2
daniel,2
katyperrycherri,2
luv,2
whatawaytoendit,2
realiti,2
british,2
amor,2
josemiguelmus,2
chainnnn,2
friendstvfan,2
frasespelicula,2
wednesdai,2
rozayyi,2
theabiroad,2
hurt,2
ischmidtyi,2
nickatnit,2
sarafay,2
brilliant,2
buffwood,2
spring,2
holli,2
older,2
buchanamania,2
jessica,2
pelo,2
vchnsmbe,2
mjohnson,2
corriendo,2
catch,2
breakup,2
lang,2
gettogetheralreadi,2
thingsiddowithatwinsist,2
cwemlwu,2
purpos,2
dia,2
david,2
impair,2
der,2
sprai,2
sistah,2
jealousi,2
bien,2
ted,2
gravida,2
martin,2
elimin,2
triplet,2
ahhhhhhh,2
limpiando,2
diga,3
qualiti,3
esto,3
zone,3
drop,3
jaa,3
took,3
twin,3
cada,3
yoursnowbunni,3
acaba,3
job,3
scene,3
toda,3
hcsmanz,3
decision,3
drug,3
rio,3
horribl,3
drink,3
deber,3
truth,3
reuter,3
earli,3
care,3
casa,3
case,3
femal,3
ygzwh,3
sont,3
sam,3
bettybetch,3
lauri,3
ohhh,3
brother,3
veeectoria,3
hear,3
head,3
recuerda,3
honestli,3
came,3
lynn,3
kid,3
sobr,3
black,3
canal,3
light,3
tiinyjessii,3
sex,3
seu,3
vida,3
sexi,3
soo,3
barri,3
interview,3
worri,3
teamfollowback,3
loool,3
homeworkbreak,3
boss,3
hcsm,3
completa,3
nikitaparbhu,3
scrambl,3
steal,3
offici,3
rule,3
visto,3
matter,3
onlyprincess,3
hai,3
hat,3
crack,3
music,3
beb,3
hit,3
eachoth,3
ben,3
pic,3
pie,3
quien,3
tambi,3
conmigo,3
jealou,3
canon,3
cindi,3
gunther,3
tpheng,3
longer,3
bullshit,3
bebe,3
breast,3
yea,3
idea,3
dr,3
ey,3
ef,3
lego,3
dear,3
situat,3
bc,3
ce,3
trata,3
idk,3
al,3
ad,3
muito,3
dond,3
hardrock,3
mb,3
mi,3
mr,3
semest,3
il,3
local,3
knew,3
spot,3
hpm,3
hangout,3
vi,3
lewi,3
tu,3
ashleykittyxo,3
ximamant,3
hana,3
qu,3
qui,3
brutal,3
himym,3
shoutout,3
tomorrow,3
ship,3
xxx,3
secret,3
thelaston,3
bought,3
fed,3
touch,3
retreatshop,3
rachelwednesdai,3
thatwonderfulmomentwhen,3
faith,3
gleek,3
nome,3
nyc,3
reacci,3
chase,3
era,3
didnt,3
withluv,3
chang,3
georg,3
random,3
mine,3
spoiler,3
dream,3
comei,3
wow,3
benefit,3
hollywood,3
apart,3
poll,3
opinion,3
pictur,3
redfeatherntwk,3
throw,3
vece,3
mbrianza,3
foreveralon,3
soluci,3
london,3
oth,3
oldtvisthebesttv,3
jenna,3
rerun,3
ambarango,3
deserv,3
suppos,3
adriaaale,3
wors,3
west,3
coffe,3
jeremi,3
film,3
minha,3
linda,3
dorothi,3
bare,3
ver,3
wouldn,3
photo,3
kristinjessica,3
reason,3
short,3
cyberm,3
wife,3
shout,3
swear,3
chemobrainfog,3
sound,3
sandribulario,3
quem,3
person,3
extra,3
huge,3
ball,3
bald,3
nicol,3
alan,3
porn,3
convers,3
insid,3
kait,3
what,3
kristindsanto,3
award,3
wrongnameatthealtar,3
slutti,3
absolut,3
karen,3
late,3
frase,3
father,3
mom,3
tri,3
leagu,3
perk,3
casarno,3
franc,3
dog,3
otra,3
toi,3
top,3
channingtatum,3
king,3
epic,3
mil,3
ladi,3
lack,3
tonitew,3
dio,3
justin,3
women,3
dynamit,4
cutest,4
bestoffriendstv,4
toni,4
pitt,4
n,4
suffer,4
grab,4
oliviacanti,4
rss,4
teacher,4
amanda,4
song,4
grown,4
homeschool,4
line,4
hacer,4
group,4
sit,4
animalaidintl,4
awai,4
read,4
later,4
episodio,4
jimknightonlin,4
feet,4
analies,4
figur,4
propos,4
messag,4
boo,4
smile,4
carman,4
bed,4
meant,4
whole,4
blond,4
nice,4
parec,4
nick,4
whore,4
week,4
crush,4
hypocrit,4
bui,4
stori,4
saga,4
juic,4
current,4
ama,4
on,4
ok,4
na,4
loss,4
serious,4
give,4
hoe,4
ty,4
decid,4
lauren,4
appreci,4
ass,4
xx,4
awesom,4
roll,4
tragic,4
far,4
finchel,4
lovethem,4
dress,4
year,4
young,4
annoi,4
child,4
ela,4
mark,4
chuck,4
wed,4
fire,4
close,4
sale,4
style,4
screen,4
ring,4
siento,4
thoughtyou,4
woot,4
nunca,4
next,4
happyend,4
officequotesnet,4
fail,4
fall,4
finn,4
york,4
refer,4
video,4
member,4
hour,4
band,4
itsmemelissax,4
dar,4
dan,4
van,4
alyssa,4
vai,4
robin,4
lunch,4
atfierc,4
english,4
blair,4
casar,4
goal,4
hugh,4
post,4
lil,4
least,4
ador,4
true,4
list,4
kiid,4
pero,4
mum,4
danc,4
record,4
shirt,4
told,5
hella,5
superbowl,5
temporada,5
space,5
famou,5
cheat,5
warren,5
distemp,5
jordanleepatton,5
birth,5
sad,5
sure,5
wierd,5
girlfriend,5
weekend,5
soi,5
fearless,5
suck,5
actin,5
lucki,5
that,5
mean,5
book,5
obses,5
pai,5
hermosa,5
dinner,5
paul,5
downei,5
down,5
actual,5
wear,5
mauric,5
juss,5
store,5
left,5
ei,5
ami,5
crap,5
game,5
move,5
oo,5
bitch,5
hr,5
spend,5
photoset,5
park,5
um,5
para,5
keep,5
text,5
pr,5
thrasher,5
warner,5
guess,5
cuenta,5
lmao,5
watchin,5
zkztmpk,5
boyfriend,5
bottom,5
jajaja,5
whymommi,5
total,5
number,5
especi,5
profes,5
vega,5
central,5
villag,5
invit,5
rain,5
ashlei,5
cowboi,5
lugar,5
fine,5
vet,5
lbv,5
dad,5
bill,5
okai,5
twitter,5
minut,5
cool,5
cook,5
drunk,5
babe,5
puppi,5
everytim,5
uno,5
una,5
gleekword,5
saturdai,5
cole,5
realfriendsdont,5
man,5
weird,5
fashion,5
beauti,5
brad,5
awkward,5
del,5
mix,5
kappa,6
ccchronicl,6
world,6
saw,6
engag,6
childhood,6
fight,6
happen,6
pretti,6
bit,6
sick,6
boi,6
fridai,6
final,6
anymor,6
bff,6
youtub,6
momento,6
cat,6
pra,6
put,6
sing,6
eu,6
em,6
hilari,6
ah,6
ny,6
nd,6
crazi,6
forgot,6
hot,6
smith,6
te,6
amount,6
si,6
sarah,6
fan,6
classic,6
excit,6
esa,6
non,6
aren,6
court,6
glad,6
onc,6
find,6
alex,6
veo,6
siempr,6
historia,6
interest,6
sweet,6
challeng,6
iamtheo,6
kind,6
didweforget,6
juliatruong,6
die,6
meet,7
esta,7
theoffic,7
super,7
caus,7
check,7
worst,7
born,7
erect,7
dwight,7
premier,7
pam,7
bad,7
ago,7
ma,7
hi,7
va,7
th,7
birthdai,7
school,7
ya,7
room,7
mari,7
heard,7
found,7
courteneycox,7
home,7
alon,7
com,7
eat,7
met,7
disappoint,7
capitulo,7
try,7
fuck,8
isn,8
walk,8
lolfish,8
tatum,8
haircut,8
bring,8
dice,8
parti,8
tonight,8
star,8
nica,8
di,8
fb,8
starworldindia,8
priest,8
dont,8
mo,8
tdude,8
uh,8
ur,8
part,8
ask,8
ye,8
kramer,8
made,8
fat,8
leav,8
start,8
littl,8
fun,8
jill,8
seen,8
cri,8
sleep,8
thanksgiv,8
wanna,8
woman,8
mejor,9
orangotag,9
big,9
iquot,9
goe,9
taylor,9
aw,9
hard,9
hang,9
glee,9
club,9
end,9
assisti,9
quiero,9
went,9
tulo,9
word,9
embarazada,9
vez,9
talk,9
tweet,9
duplasinolvid,9
phone,9
rock,10
understand,10
run,10
felliphealmeida,10
seri,10
class,10
didn,10
gossip,10
sorri,10
cap,10
bra,10
quinn,10
bcsm,10
hair,10
happi,10
como,10
sister,10
follow,10
favourit,11
hotter,11
chan,11
facebook,11
por,11
entertain,11
long,11
da,11
os,11
rememb,11
yeah,11
wai,11
peoplethatilov,11
hous,11
hope,11
mai,11
tempo,11
igetthatalot,12
laugh,12
nippl,12
amo,12
movi,12
xd,12
tv,12
mayb,12
melhor,12
blooper,12
perfect,12
vow,12
seriado,12
charact,12
live,12
damn,12
amaz,12
thought,13
set,13
stai,13
be,13
favorit,13
peopl,13
un,13
yo,13
coupl,13
wait,14
real,14
plane,14
moment,14
susan,14
let,14
date,14
funni,15
plai,15
god,15
le,15
old,15
aniston,16
night,16
doesn,16
lo,16
im,16
right,16
getglu,16
cute,16
berri,16
todo,17
feel,17
hei,17
gonna,17
miss,17
need,17
marri,17
last,17
relationship,17
help,18
here,18
remind,18
ll,18
jennif,18
merced,18
make,18
break,18
con,18
cry,18
hahaha,19
go,19
hate,19
show,19
ep,20
emma,20
work,20
famili,20
babi,20
share,20
est,21
todai,21
omg,21
gleemazinglin,21
come,21
call,22
wish,22
es,22
well,22
great,22
thank,22
back,22
life,24
look,24
ve,24
season,25
am,27
cuando,27
kurt,28
michael,28
still,28
sai,29
mcadam,29
tell,30
gui,30
haha,30
futur,30
plan,31
new,31
onli,31
first,31
se,33
realiz,34
kiss,34
emili,35
quot,36
time,37
el,38
now,38
dai,40
don,40
girl,41
think,41
take,41
name,43
green,44
see,45
lol,48
stupid,52
know,53
en,54
la,56
can,66
episod,70
want,72
gt,74
lt,74
best,109
watch,117
de,134
chandler,137
phoebe,141
love,159
joey,179
like,182
monica,193
ross,494
rachel,1537
friend,1542

