total,3488
competi,1
twang,1
pitcher,1
eminemforeverr,1
event,1
nowplai,1
jew,1
jet,1
caga,1
caer,1
soundtrack,1
inapropiada,1
craigjbutton,1
john,1
branqueamento,1
tomo,1
meek,1
encima,1
lordphaedru,1
horni,1
jacqu,1
hangin,1
pazserra,1
pleasehello,1
yougetthatalot,1
toni,1
pqum,1
pitt,1
n,1
phenomannan,1
yfyqaepq,1
jhr,1
joeyisperfect,1
lucysheen,1
tooo,1
drop,1
jav,1
essa,1
guapa,1
jam,1
jai,1
spat,1
hein,1
shampoo,1
faval,1
jessiejoffici,1
countri,1
raz,1
yaaai,1
matrimonio,1
possibli,1
twit,1
verga,1
andrew,1
manag,1
emlovesolli,1
sireuthegr,1
confus,1
torc,1
fanci,1
neverrr,1
brown,1
disfrazado,1
gnomoverd,1
sandypanth,1
laurachif,1
shennyftw,1
niall,1
addict,1
blackish,1
meno,1
spanish,1
rissa,1
row,1
rob,1
temporada,1
tango,1
custserv,1
myyyi,1
juntass,1
dwhitbread,1
samijanei,1
helloross,1
soulja,1
paleta,1
endless,1
easili,1
nowwatch,1
jon,1
akinkumi,1
fiqbkbh,1
boyz,1
melt,1
hell,1
mikesacunt,1
livermor,1
offic,1
spricht,1
beetl,1
paulcarzana,1
anita,1
ahmedgoon,1
mese,1
ciaa,1
jacob,1
violenc,1
vaiv,1
katiefuqua,1
stephaniefay,1
vale,1
coraz,1
wifei,1
grin,1
laurenbeir,1
ldfurious,1
quicio,1
rip,1
rio,1
fabiovoloo,1
rir,1
cadillac,1
igotofftheplan,1
angela,1
potteri,1
calor,1
rid,1
joel,1
amber,1
understand,1
britanica,1
ito,1
princegazalar,1
nsito,1
arena,1
feedm,1
hubiera,1
ist,1
florist,1
system,1
buddi,1
albina,1
presh,1
danround,1
artifici,1
press,1
sore,1
absoluta,1
paranoid,1
choi,1
yazminjalil,1
witzig,1
jaajajaj,1
sarcast,1
trust,1
exactli,1
javierlezaola,1
molando,1
eficacia,1
oppos,1
wedontbel,1
escritor,1
cxnt,1
card,1
fetish,1
odko,1
robkardashian,1
eminem,1
spare,1
tupac,1
rumor,1
orita,1
coincid,1
thumb,1
casi,1
ahahahahhaahaha,1
femal,1
xtfren,1
mechellei,1
ijjl,1
irl,1
televi,1
gzosv,1
kekonyolan,1
odio,1
vaso,1
lacei,1
mikeduc,1
reign,1
hahahaa,1
nutbag,1
jajjjajajjajjajja,1
jess,1
ayudan,1
draw,1
participar,1
drive,1
morgan,1
pink,1
howyoudoin,1
guarda,1
sat,1
hablaba,1
capi,1
lmaoooo,1
limp,1
lauri,1
corner,1
pqpcjru,1
lima,1
matado,1
broken,1
pussycat,1
aond,1
virou,1
horror,1
princessthea,1
djex,1
heat,1
caja,1
paediatrician,1
recuerda,1
towi,1
sloth,1
sentirm,1
theotendl,1
lift,1
execut,1
honestli,1
ryx,1
veint,1
lukemcneilli,1
izh,1
cffrench,1
impos,1
soft,1
acuerdo,1
connor,1
kii,1
shelovesmit,1
she,1
vsjgvghn,1
ando,1
mathia,1
paranoidalittl,1
sobr,1
tomngbyi,1
informacion,1
impress,1
kylieireland,1
view,1
hairdress,1
whycantihaveross,1
ldgtxpea,1
miricacho,1
canal,1
jajajajaajajajaj,1
sir,1
hannah,1
perdi,1
viaj,1
kei,1
sdd,1
kel,1
hookedonfriend,1
german,1
sbt,1
script,1
mrmowen,1
omggg,1
aylishskye,1
bodi,1
wale,1
lgnp,1
boxset,1
sci,1
graceellisxo,1
keano,1
nite,1
wjnt,1
ibiza,1
vbocwdvn,1
pryw,1
nito,1
salut,1
skate,1
tyler,1
sdv,1
iseri,1
kijkzbp,1
sea,1
pivotttttt,1
passport,1
apostroph,1
archaeologi,1
epclsl,1
bellalblack,1
church,1
terri,1
gsdkla,1
deliveri,1
emotion,1
eagal,1
scott,1
anastaisha,1
popcultur,1
pointless,1
usual,1
jacket,1
scout,1
hotter,1
mmmh,1
officialsouthi,1
design,1
chan,1
freind,1
causa,1
sky,1
pheblehbleh,1
collec,1
ihxtdkun,1
colleg,1
ligar,1
bpacgpyc,1
culleniscullen,1
squeaki,1
deimidi,1
cubilet,1
debat,1
lolfish,1
sere,1
smaller,1
worri,1
snb,1
steve,1
geeki,1
gillian,1
dejar,1
dejan,1
serv,1
iflookscouldkil,1
teamfollowback,1
anybodi,1
brendan,1
reas,1
felt,1
smh,1
klo,1
movingout,1
ainda,1
hollyval,1
kirstiemallsopp,1
brain,1
bandwagon,1
sammiewarb,1
qbdjunvh,1
anto,1
wierdfwd,1
robdelanei,1
crime,1
ynqrmxvl,1
bailando,1
babyi,1
dejen,1
happynatasha,1
later,1
boss,1
passar,1
casars,1
intrigu,1
detail,1
briar,1
robinson,1
ricka,1
confes,1
ricki,1
yumnatarian,1
carrolltonmenu,1
bilalsfight,1
bout,1
emmajaaai,1
that,1
yoooou,1
sua,1
perfectcoupl,1
sub,1
bulda,1
friendsshow,1
perfectman,1
breatheindeep,1
teamrossandrachel,1
txzbbx,1
richi,1
furgoneta,1
gloweeezi,1
bouta,1
samlyna,1
danielleee,1
wing,1
drizzi,1
rudd,1
pueedan,1
whinei,1
scartak,1
director,1
porter,1
dancinha,1
pregunta,1
tgendler,1
mindblown,1
xxxxxxxxx,1
djupznq,1
tap,1
anim,1
peppermintess,1
directora,1
iktsn,1
ferrel,1
clampi,1
disembowel,1
intimid,1
claro,1
ruin,1
cserri,1
sexiestmal,1
epicamend,1
samlindquist,1
salir,1
triviani,1
offici,1
custom,1
deemurthi,1
divorciarm,1
luvlyyx,1
coisa,1
eddi,1
anxiou,1
wave,1
langosta,1
rest,1
warm,1
dico,1
danielleruggia,1
ahahah,1
warp,1
sofro,1
senti,1
meat,1
bestlovestoryev,1
passou,1
chillin,1
thisistoogood,1
anno,1
steer,1
erasmu,1
book,1
badtim,1
fenamari,1
colour,1
musica,1
tenu,1
thomasowen,1
ignor,1
sibl,1
kensleylaw,1
elsa,1
project,1
completament,1
aspect,1
querendo,1
parto,1
neymar,1
morganmcginni,1
reincarn,1
goodby,1
side,1
ejemplo,1
hurri,1
cfjrxum,1
softwar,1
adeeermfenti,1
theonewhererossfindsout,1
encontr,1
tiooo,1
kurt,1
obses,1
mobut,1
boa,1
hai,1
jellissaa,1
hav,1
hat,1
tejp,1
edvil,1
ruairi,1
lembr,1
stesso,1
inevit,1
hah,1
haa,1
hby,1
nkotb,1
sign,1
sige,1
tyga,1
odeio,1
entranc,1
messi,1
niisakamoto,1
adammurciano,1
nerdstatu,1
krupac,1
sigu,1
funnier,1
pilot,1
nama,1
xxxx,1
pai,1
majorli,1
iamkattyg,1
funcionan,1
cked,1
blown,1
aniston,1
smile,1
bak,1
mexican,1
career,1
txrangersjam,1
kellywillz,1
tonya,1
shakur,1
anymor,1
payn,1
molllleee,1
googl,1
katyjmeu,1
pfd,1
galleta,1
lanei,1
mcguir,1
beb,1
bea,1
listen,1
kept,1
smellysmellysmellysmellycatsmellycat,1
elli,1
ichi,1
discus,1
zng,1
canso,1
rainnwilson,1
ahah,1
bff,1
wisdom,1
neighbor,1
garbag,1
type,1
helmet,1
cooler,1
anesthesia,1
tear,1
buzz,1
cantan,1
japlondon,1
pensando,1
cantar,1
sbyounggg,1
grima,1
grime,1
discov,1
paul,1
gerad,1
tonto,1
manera,1
geral,1
hkd,1
african,1
ilovezarastar,1
falar,1
quick,1
demasiado,1
demai,1
carmenbepap,1
roller,1
spennygg,1
denial,1
pata,1
your,1
spotnick,1
pass,1
nqprxoc,1
plan,1
aehiaeuhaiu,1
cakecrumb,1
tricko,1
prove,1
davidschwimm,1
lamin,1
hmflohn,1
yum,1
goodnight,1
ppl,1
conmigo,1
pienso,1
freedcastro,1
beth,1
gny,1
pmn,1
carton,1
quiff,1
gave,1
iloveross,1
buss,1
metal,1
vagina,1
closest,1
shayshai,1
control,1
belief,1
yosun,1
tuvpulk,1
believ,1
goo,1
oooh,1
gon,1
mylittlebird,1
crush,1
zoebtw,1
oxnf,1
children,1
janic,1
patriot,1
brombi,1
announc,1
altar,1
ficaram,1
pre,1
weak,1
pwj,1
nada,1
bro,1
tongu,1
gose,1
brb,1
atari,1
nadi,1
estar,1
gud,1
candi,1
theporch,1
reconsid,1
prefiro,1
alcohol,1
bsb,1
vipond,1
jameswood,1
rozaytaughtm,1
juro,1
tjramini,1
museo,1
curto,1
buen,1
pleather,1
whatsrock,1
arwnourg,1
craig,1
ilovethisshow,1
gost,1
ljkilgannon,1
fwqk,1
nohomo,1
noooooooo,1
geologi,1
ekspresi,1
pivaaaaaaat,1
usag,1
lxtmdbrr,1
swift,1
mxeb,1
laurencarless,1
travel,1
sabia,1
bottl,1
cousteau,1
longer,1
menudo,1
bangchiquibangbang,1
strip,1
jump,1
sina,1
bieber,1
irawsum,1
tcomplain,1
masmulato,1
pitch,1
damnneargreat,1
complim,1
cruzz,1
ayeishabeat,1
carissadimattia,1
gogginatorrr,1
rosspruden,1
gasp,1
toner,1
faveeee,1
trzzx,1
begin,1
ywq,1
ayoo,1
agra,1
complic,1
porsch,1
josephmorgan,1
uehiozvh,1
bullshit,1
leia,1
gf,1
storm,1
describir,1
ff,1
fi,1
joshhallidai,1
brewsleen,1
sair,1
kyleshaw,1
prrrgpdz,1
rossgellar,1
mood,1
luiscarr,1
pasta,1
furnitur,1
gossipgirl,1
gk,1
gj,1
aim,1
toocut,1
air,1
mono,1
yea,1
oddli,1
ed,1
dd,1
juic,1
empiezo,1
dj,1
rogerpark,1
bear,1
ev,1
yep,1
ee,1
debi,1
ca,1
normal,1
descobr,1
bs,1
therapi,1
bt,1
pivoooot,1
deal,1
bk,1
bf,1
tinha,1
ano,1
nysv,1
bh,1
bc,1
delionbli,1
probara,1
db,1
cz,1
dobl,1
ilovetherachel,1
haciendo,1
realidad,1
cn,1
basketbal,1
uahnkmh,1
lend,1
sabemo,1
cc,1
cd,1
collect,1
aint,1
yaa,1
lole,1
recommend,1
stole,1
pearljam,1
directo,1
alt,1
trata,1
lokk,1
jkinger,1
signorello,1
aahahahah,1
ba,1
ybb,1
lynch,1
houston,1
handi,1
ala,1
ar,1
game,1
ax,1
idk,1
ai,1
judg,1
trabajo,1
idc,1
ae,1
af,1
workout,1
consumidor,1
iia,1
nn,1
aprend,1
johpl,1
ny,1
abr,1
hughesi,1
idiot,1
muita,1
representant,1
oi,1
grierson,1
ot,1
noleezi,1
oq,1
board,1
ox,1
ollyboi,1
pa,1
pm,1
comment,1
ph,1
small,1
misshannahami,1
expert,1
clavadito,1
lm,1
amanpreet,1
jennif,1
lu,1
ilovethegoofbal,1
kateloadman,1
cuida,1
tinapap,1
mk,1
playboi,1
mj,1
mp,1
tailgat,1
mt,1
ptjrgp,1
mv,1
mz,1
navarro,1
nc,1
experi,1
ne,1
ng,1
ni,1
analu,1
jean,1
coreografia,1
talcon,1
ju,1
jp,1
xbibj,1
ka,1
iiiiiik,1
train,1
jz,1
kt,1
theonewiththepromvideo,1
kp,1
kr,1
kk,1
fraggl,1
hughlauri,1
lg,1
brioni,1
qnl,1
hp,1
rachyl,1
hq,1
crazi,1
dodonyc,1
hj,1
shazrazzamatazz,1
id,1
ic,1
ia,1
trrussll,1
ir,1
aida,1
twenti,1
iw,1
tkelli,1
radiat,1
il,1
deff,1
acc,1
importantisima,1
loveh,1
je,1
yaaa,1
blue,1
acz,1
ilovefood,1
mandou,1
devic,1
act,1
paradecheshir,1
xk,1
strang,1
funcion,1
wx,1
excatli,1
yrdwvvkv,1
xb,1
pudiera,1
how,1
wo,1
wp,1
walkov,1
nosso,1
pure,1
beldent,1
jyhycwn,1
homophob,1
decir,1
fuckin,1
alixu,1
wayneroonei,1
vq,1
plot,1
nameitleah,1
ellejernigan,1
uv,1
vb,1
paro,1
uk,1
pari,1
uh,1
ayr,1
nlsjgri,1
nmigjfvn,1
tz,1
maberoja,1
fluoresc,1
tr,1
td,1
ti,1
embrac,1
tb,1
debemo,1
sw,1
text,1
sr,1
ximamant,1
sj,1
congratul,1
cansei,1
protagonista,1
ablarno,1
ry,1
certeza,1
shud,1
rl,1
trade,1
ri,1
triki,1
ra,1
xpc,1
febrero,1
bunch,1
qq,1
pasar,1
hrn,1
ravishrichrud,1
icon,1
cine,1
jajajajajajajaja,1
tocando,1
traawww,1
qd,1
fucker,1
lainei,1
pt,1
deliv,1
arquitecta,1
denmark,1
foto,1
sacan,1
ps,1
foss,1
explicar,1
imagin,1
expedi,1
monei,1
present,1
marcado,1
ash,1
lauren,1
danroan,1
escrib,1
ellenduignan,1
citi,1
asm,1
tomorrow,1
gimm,1
ship,1
sedimentari,1
isso,1
contado,1
autumntkwc,1
practic,1
ging,1
forc,1
logo,1
mock,1
apt,1
rydel,1
mayor,1
haven,1
crvp,1
teor,1
xvv,1
jersei,1
stripper,1
bunni,1
shoe,1
padr,1
rosssgibson,1
kkkkkkkkkkkkkkkk,1
ahaha,1
food,1
awk,1
hasn,1
awh,1
itaketheerachel,1
object,1
vintag,1
nmwatson,1
zu,1
formo,1
merlin,1
igethatalot,1
yg,1
puta,1
suzana,1
forma,1
fole,1
mayta,1
mental,1
nearli,1
ikzl,1
yi,1
shitti,1
peopleilov,1
lherd,1
spaceship,1
fez,1
anniston,1
poppin,1
lekaper,1
mazel,1
looong,1
uuuuoooooooh,1
fei,1
nen,1
nem,1
charcharin,1
prass,1
taranda,1
ner,1
partido,1
ndole,1
raxo,1
kaleycuoco,1
hermano,1
siobhanlarnerx,1
loooov,1
viajar,1
isaythatalot,1
broke,1
fantasm,1
amarzinski,1
anytim,1
madr,1
bullet,1
dayglo,1
wrjux,1
thejohnhul,1
kebayang,1
gumpest,1
laurardgar,1
noel,1
xhyyj,1
dpmic,1
chelseaattong,1
gemini,1
luck,1
fam,1
cagarla,1
codyyoung,1
inlov,1
zuqonz,1
materi,1
fab,1
butitwork,1
luci,1
alaynapetrov,1
thatawkwardmo,1
ryrossisgai,1
nap,1
direc,1
rotina,1
mirroroh,1
ikissedit,1
nataliegordon,1
fonsi,1
ventura,1
evalu,1
phew,1
trifl,1
troyveal,1
qwxoxj,1
lynntracei,1
romi,1
albahapi,1
youngjeezi,1
ctrl,1
obvious,1
rank,1
joeyyyyyyyi,1
formulario,1
echado,1
speechproblem,1
llevamo,1
qigl,1
allerd,1
allerg,1
greenwich,1
compr,1
vickrim,1
rose,1
talkingmomc,1
amandon,1
shakira,1
nota,1
bicycl,1
idiota,1
puedo,1
mhmmmmm,1
scienc,1
thinli,1
hijo,1
faith,1
watev,1
lembra,1
nauseum,1
wndm,1
zach,1
zack,1
weeminstrel,1
europa,1
thefranksmus,1
penni,1
rosetta,1
agarra,1
verityfre,1
jajajajajajajajaja,1
nicolettejacom,1
mze,1
xdd,1
action,1
eyi,1
eww,1
rutiiiin,1
yolytaph,1
sbica,1
socut,1
mucho,1
nome,1
gvji,1
nooo,1
omge,1
omgg,1
loovee,1
belov,1
subbi,1
major,1
caramel,1
wbtgy,1
parenthood,1
veze,1
eyu,1
problem,1
heheh,1
grrrrrrrr,1
nombr,1
couldnt,1
lukeblackwellx,1
nya,1
joeytribiani,1
nyj,1
eso,1
annapickard,1
wud,1
xiii,1
ninia,1
california,1
bronzeamento,1
wvf,1
pregnant,1
cmon,1
shitnoonesai,1
lydiasnow,1
demolir,1
ashleylaur,1
ctfu,1
mixer,1
usbatista,1
pmsl,1
overlord,1
sannndwiicchhhh,1
unagyyi,1
eqpofxnu,1
young,1
charm,1
math,1
phebe,1
hardwar,1
famoso,1
menina,1
cdinorah,1
quedado,1
loser,1
ntn,1
cantando,1
champ,1
recordando,1
anonym,1
terminando,1
tyleraasecrest,1
ooooo,1
caseee,1
versionnn,1
everith,1
diisi,1
eurovi,1
socialcouturetn,1
scare,1
schiwmmer,1
ponerlo,1
dirti,1
pheeb,1
cloak,1
jajajaj,1
jkzeejqp,1
vera,1
dilanjut,1
assistindo,1
segundo,1
bemin,1
mitico,1
erm,1
chanc,1
georg,1
vuelv,1
howlin,1
industri,1
mill,1
slowli,1
ela,1
comprou,1
mana,1
weren,1
non,1
quedara,1
solid,1
preparando,1
ema,1
zapin,1
destine,1
sdfghjhgf,1
gmwqrvpj,1
toiletri,1
simigillx,1
consid,1
blanket,1
phzo,1
mind,1
mini,1
mala,1
bloodi,1
eternament,1
warnerchannella,1
lmaoooooo,1
inha,1
cyqsscz,1
lilianfergu,1
rachelfrom,1
skid,1
iwantyouuntilyouwantm,1
estaba,1
hecho,1
beach,1
inbr,1
punta,1
bsquar,1
marc,1
rbdn,1
niquefueramula,1
sicko,1
serena,1
yell,1
axxpr,1
fazfunki,1
drunkkkk,1
yayayai,1
nesbitt,1
wishh,1
jane,1
slave,1
cdai,1
jana,1
veil,1
akllv,1
chick,1
ergun,1
middl,1
mindfuck,1
jame,1
vejo,1
estado,1
address,1
esposa,1
statu,1
locossssss,1
similiar,1
visita,1
oga,1
skydiv,1
ievlgjhh,1
ramsei,1
wedusv,1
wgolrd,1
editor,1
rembrandt,1
rossr,1
ohh,1
anamaricr,1
salmon,1
fist,1
pachow,1
socorr,1
piiivvvvvoootttt,1
estadao,1
wer,1
wen,1
barnet,1
dianna,1
viejo,1
yxlai,1
stair,1
laurenbarnott,1
musunuz,1
wdz,1
woah,1
clever,1
yourawizarddani,1
nueva,1
who,1
chines,1
opinion,1
odi,1
gottalovehim,1
mija,1
ixxg,1
shoulda,1
cbyqjnha,1
weeeeeineer,1
near,1
darrencriss,1
atotih,1
stalk,1
odd,1
leafsweeti,1
danlobb,1
dirigido,1
ultimo,1
style,1
carefulli,1
rweezyi,1
pediatra,1
ahahahaha,1
pone,1
olvidado,1
massiv,1
negra,1
win,1
rellenando,1
vecc,1
wil,1
direito,1
stand,1
pintuitt,1
pantalon,1
unico,1
couro,1
cours,1
french,1
giggl,1
duno,1
facil,1
turrrd,1
screen,1
schaub,1
gag,1
blanquea,1
onewhoneveryawn,1
traffic,1
cctr,1
poster,1
abandon,1
flynn,1
danielleemckai,1
kkkkkkkk,1
gosto,1
palaeontologi,1
etkfij,1
beanonenightsem,1
favortieepisod,1
differ,1
imposs,1
goleirinho,1
count,1
duro,1
sportspeopl,1
anxieti,1
volkswagen,1
morganhaid,1
poco,1
purecomedi,1
dentario,1
logess,1
champion,1
sate,1
whatsup,1
diyeceksiniz,1
earnest,1
myxqzrkh,1
filho,1
stage,1
war,1
epmkk,1
vinni,1
nando,1
princ,1
achelgado,1
quello,1
bruce,1
mochilera,1
intens,1
katelynm,1
peoplethatiwanttomarri,1
podr,1
goofbal,1
menzin,1
allaboardtherosstrain,1
melbarth,1
recod,1
wood,1
thebachelor,1
servic,1
danger,1
sandyjackirl,1
insuper,1
oww,1
immm,1
complain,1
owh,1
riakershaw,1
molli,1
fva,1
fade,1
invis,1
genio,1
snack,1
corrient,1
professora,1
sherrika,1
vasco,1
arghhhh,1
hostat,1
gemmasj,1
mcdlr,1
inner,1
madagascar,1
nerd,1
allen,1
woke,1
oth,1
taken,1
diannaa,1
nonsens,1
fun,1
fui,1
angel,1
fernando,1
assistir,1
assistiu,1
luta,1
dumb,1
fotocopia,1
explod,1
dull,1
lush,1
classsic,1
ness,1
wltttzwe,1
lalalaliiii,1
espisodio,1
chung,1
cual,1
sobel,1
glad,1
fuinha,1
skymcfli,1
fair,1
fait,1
ajajajajaja,1
saleen,1
definitavement,1
grasa,1
quero,1
evil,1
davanti,1
cuba,1
ollieginhd,1
imdb,1
tryna,1
deserv,1
acab,1
cynth,1
scorso,1
fbdmp,1
establish,1
wonderyear,1
beccygreenfield,1
fineee,1
caiga,1
fala,1
sherwinnicu,1
superar,1
falt,1
ilovefriend,1
amandal,1
sobar,1
condi,1
comienzo,1
mzmf,1
silly,1
anthropologi,1
kkkkkkkkkkk,1
geboren,1
truelov,1
silli,1
fli,1
wiiiit,1
michklau,1
nikkylov,1
fazia,1
zmithster,1
lulu,1
west,1
empir,1
ond,1
pressin,1
laurensherratt,1
fin,1
voc,1
recent,1
coffe,1
fit,1
larsen,1
jeremi,1
von,1
gritaba,1
minuto,1
vou,1
chandlerbingisourk,1
rditr,1
gusttavo,1
dizer,1
nlrsrb,1
oogsh,1
rachelstump,1
claw,1
czmog,1
sophfergie,1
ralph,1
marianoo,1
alfi,1
parecen,1
holdmyhandsdown,1
barn,1
tribiani,1
acord,1
beghev,1
iactuallygetthatalot,1
mendelevium,1
vguwgj,1
ffkhjss,1
lyrixcod,1
tina,1
bite,1
iammvj,1
consigu,1
noooo,1
bath,1
favo,1
elizabeth,1
member,1
yelli,1
pattinson,1
pheobi,1
hour,1
vek,1
algu,1
kate,1
philosoph,1
charlton,1
qutopp,1
friendship,1
fatt,1
brighten,1
bang,1
creat,1
alic,1
allusion,1
cream,1
vanexagarciia,1
wouldn,1
powder,1
cooki,1
lab,1
tigo,1
marialuff,1
acha,1
lah,1
lag,1
pirado,1
lan,1
rapido,1
bunyan,1
saddest,1
retrochel,1
kite,1
lslgrx,1
sorprenderm,1
jessi,1
apartm,1
anniversari,1
pesadinho,1
getsmeeverytim,1
cup,1
hablar,1
hablan,1
iravzxpx,1
wallachord,1
referenc,1
esclav,1
wimp,1
jajajajaaja,1
desastr,1
tivc,1
dilat,1
malta,1
harvei,1
shore,1
bigger,1
depoi,1
bxtch,1
goddamn,1
fooofa,1
fuhapjp,1
cut,1
mirando,1
stuartmaconi,1
paleont,1
risada,1
dragon,1
ostiaaaa,1
paulett,1
raelovesfrack,1
bestpartofthenight,1
muert,1
storytel,1
assist,1
jmari,1
winter,1
gemmafinkil,1
strong,1
shxxt,1
hundr,1
recordar,1
igyt,1
romero,1
ycwt,1
rosemcg,1
bawl,1
loooove,1
kkkkkk,1
dentist,1
genial,1
tediou,1
tipo,1
ashalapest,1
uuh,1
geekingout,1
iycpvdlj,1
kmeuer,1
copi,1
npcpynff,1
defens,1
empezando,1
seat,1
interest,1
usada,1
justsai,1
lop,1
horoscoponiallh,1
telefenoticia,1
concretament,1
crazytalk,1
incas,1
hahahahahah,1
pergunt,1
jerapah,1
conh,1
cmn,1
hahahahahahahahahahaha,1
captain,1
rileyroo,1
heheheh,1
heysugarsnap,1
defenc,1
tkwcalan,1
loveit,1
cop,1
download,1
coz,1
vkpa,1
whitman,1
quhdex,1
blain,1
msdash,1
martsslov,1
chicago,1
lua,1
jrmusicoff,1
bombbb,1
srkkq,1
iloverossgel,1
espero,1
dental,1
automat,1
cre,1
sehe,1
camera,1
elizabethmoriah,1
metida,1
julia,1
csm,1
renegadeross,1
casan,1
casao,1
assign,1
tbbt,1
umm,1
calleja,1
nighti,1
classicrossandrachel,1
kraus,1
bailan,1
marsha,1
bkini,1
bair,1
und,1
vuelvo,1
raulclavijot,1
ung,1
hugh,1
bail,1
cdh,1
culpa,1
lfw,1
prayer,1
centr,1
acham,1
self,1
ghrdrn,1
clairepet,1
dylankeegan,1
yjrjiki,1
coreograf,1
teclado,1
toomuchtan,1
cgb,1
lew,1
rrko,1
kjfdhg,1
ball,1
brahmst,1
phoebeross,1
elliefield,1
leg,1
lee,1
playoff,1
nicol,1
blanc,1
vuelta,1
phone,1
alan,1
calvint,1
nicht,1
saturdai,1
swell,1
newspap,1
kevinarnold,1
lll,1
uncl,1
trofb,1
pivaaaaat,1
chose,1
twareperfectx,1
porr,1
trav,1
graham,1
match,1
xjenxsoox,1
blast,1
kakm,1
convert,1
brighton,1
moolah,1
liz,1
lrbm,1
weeeiner,1
markwilliam,1
insid,1
pokjjg,1
lawl,1
campbel,1
shiva,1
conviert,1
lycanlif,1
pyhupk,1
jaaajajajajjajajaaaaa,1
lpbko,1
cgbvqlgt,1
geek,1
choke,1
petri,1
bwahahaha,1
stevelawr,1
austin,1
thanksgiv,1
inappropri,1
chemistri,1
chelsei,1
alexa,1
chelsea,1
aleishazan,1
palazzo,1
mad,1
mae,1
write,1
mal,1
max,1
mat,1
escena,1
jjepwz,1
mbj,1
uec,1
yjdlet,1
heartmelt,1
efd,1
bestshow,1
repita,1
eel,1
justt,1
adamlevin,1
idolo,1
cassi,1
obwbthak,1
cassj,1
mea,1
outrag,1
toofunni,1
meu,1
nicholedenbi,1
alison,1
twdoc,1
jaygran,1
feelinbroodi,1
luz,1
glandyi,1
mandamcdermott,1
portalr,1
jordanpogo,1
whatawaytoendit,1
lwe,1
veronica,1
flew,1
irrit,1
freakkkkk,1
gbobfd,1
across,1
bestepisod,1
neili,1
princesstuiaki,1
cera,1
physic,1
dvn,1
preocupa,1
lxq,1
sanya,1
insert,1
spike,1
terror,1
ocupaci,1
patrobertson,1
phrase,1
wahahahahahahahahaha,1
tve,1
alfie,1
esanenaa,1
peter,1
nrfohemf,1
wobbler,1
permanent,1
hahahahah,1
gaita,1
friendstvfan,1
dzy,1
erickson,1
oprah,1
extend,1
jade,1
lisp,1
panama,1
hurt,1
rugbi,1
littlefoot,1
samusg,1
dave,1
hawtisbieb,1
nxxut,1
creatividad,1
singwithm,1
repit,1
exam,1
racheeeeeeeeeeeeeeeeeeel,1
simpli,1
martss,1
wellsaid,1
chrome,1
uymb,1
peri,1
perk,1
pfmog,1
perd,1
franc,1
semana,1
repli,1
buchanamania,1
vvmcm,1
qndo,1
brad,1
angiew,1
dog,1
respect,1
asleep,1
attend,1
arunamigo,1
tvshowchalleng,1
pixclrhn,1
mcfly,1
darn,1
oakland,1
mogutu,1
pela,1
guck,1
happili,1
dare,1
happyendingsabc,1
duo,1
due,1
luego,1
destroi,1
cnro,1
hairless,1
vendo,1
toa,1
tou,1
noodl,1
tom,1
ferdeleo,1
ahhhhh,1
mui,1
muj,1
mum,1
dsl,1
lamp,1
intef,1
success,1
whoelseisfin,1
afteral,1
til,1
dang,1
kkkkk,1
noooooo,1
cuero,1
jawfojeg,1
tip,1
willi,1
tia,1
leant,1
dgn,1
dia,1
gorda,1
oldshow,1
booti,1
mundo,1
cross,1
reaction,1
budget,1
axemifgi,1
adelosparecidosrazon,1
chorando,1
lembrar,1
dei,1
sincer,1
deo,1
min,1
lionel,1
shane,1
hornswaggl,1
suaranya,1
mit,1
mix,1
princess,1
wouldnt,1
lmfaooo,1
aquela,1
spirit,1
venou,1
mid,1
pxrdrou,1
sangr,1
tem,1
tee,1
ladl,1
bien,1
daiq,1
morra,1
dqzzhe,1
dmh,1
spoild,1
cannnn,1
delusion,1
scrabbl,1
mkb,1
caittuzz,1
jewish,1
nuestro,1
diz,1
mondler,1
islablig,1
swag,1
shark,1
bailado,1
women,1
thi,1
purdydavid,1
dudestok,1
mmg,1
junto,2
celebriti,2
biggest,2
tone,2
kailyn,2
legend,2
jaa,2
akidnamedaross,2
hangov,2
grab,2
sshowsarethebest,2
mydream,2
peach,2
ran,2
hehe,2
weiner,2
dino,2
muitoengra,2
mmoulson,2
support,2
roktanski,2
branco,2
musi,2
joe,2
rmb,2
londr,2
karatai,2
truli,2
oliviacanti,2
tvshowsilov,2
petzrawr,2
patrim,2
rofl,2
drug,2
patron,2
deber,2
pick,2
ohhhh,2
pica,2
hanukkah,2
facial,2
cara,2
earli,2
marshal,2
case,2
brittifac,2
teacher,2
song,2
expres,2
hahahah,2
awww,2
caus,2
giant,2
solo,2
blanco,2
link,2
dando,2
flip,2
ohhh,2
tout,2
annoyedfan,2
head,2
robert,2
iamairotciv,2
rider,2
raymond,2
full,2
oobbl,2
alguna,2
teach,2
pussi,2
death,2
efectivo,2
sandwhich,2
lobstersforlif,2
histori,2
engag,2
light,2
chandlerb,2
relaci,2
ultim,2
ser,2
daddi,2
nippl,2
sei,2
suit,2
fell,2
lauudulcii,2
weekend,2
oweejaye,2
second,2
demilou,2
douch,2
iwish,2
oleebear,2
awai,2
read,2
mornin,2
stuck,2
taught,2
stephl,2
whyisntmylifeatvshow,2
detal,2
wayn,2
dawson,2
favorito,2
loool,2
direct,2
clair,2
rociozand,2
commit,2
completo,2
sum,2
completa,2
falta,2
myabbynameishi,2
dinossauro,2
bueno,2
friendsnew,2
jshljp,2
mulher,2
window,2
doorwai,2
melman,2
cring,2
dick,2
wasn,2
matter,2
boob,2
centrarm,2
ofzo,2
roommat,2
intonow,2
tema,2
facumarcuz,2
propos,2
parti,2
rindo,2
hungri,2
rickito,2
viendo,2
haz,2
volum,2
bestshowev,2
invent,2
tonight,2
bom,2
ashbi,2
mesmo,2
celebr,2
butt,2
pee,2
xoxom,2
hit,2
exact,2
parecido,2
eachoth,2
bem,2
kinda,2
stfu,2
pic,2
proud,2
pop,2
pot,2
destru,2
quiet,2
hahahahahahahahaha,2
whore,2
american,2
karlaguindi,2
weep,2
jealou,2
doug,2
busi,2
car,2
cat,2
cab,2
dork,2
specif,2
couldn,2
whitechapel,2
gosh,2
estan,2
surviv,2
bra,2
mmonicat,2
juss,2
vikramesquir,2
sntir,2
crisgar,2
carrollton,2
gameswithfriend,2
instrum,2
anitschkow,2
gari,2
quita,2
puaj,2
irritado,2
nrenni,2
fjpqqwc,2
magic,2
sentir,2
iba,2
narnia,2
safe,2
beat,2
fb,2
ek,2
moje,2
chilli,2
ant,2
cierto,2
cx,2
cu,2
co,2
waist,2
husband,2
ich,2
alg,2
cetalocoblog,2
ay,2
judi,2
handl,2
au,2
reckon,2
sabe,2
ad,2
yai,2
demo,2
memori,2
abt,2
month,2
pi,2
click,2
porca,2
nd,2
gracia,2
lover,2
scream,2
eerinsmith,2
agora,2
lectur,2
ado,2
moon,2
gibb,2
add,2
vriend,2
diamond,2
iv,2
jd,2
xo,2
allucancal,2
puri,2
hoi,2
vc,2
maxenemagalona,2
us,2
decid,2
tw,2
pull,2
round,2
sk,2
jonathan,2
rs,2
ru,2
angryblackladi,2
birthdai,2
hand,2
qui,2
includ,2
school,2
pq,2
pr,2
lynzi,2
drama,2
open,2
sofunni,2
ars,2
himym,2
porqu,2
laurel,2
helen,2
pain,2
novo,2
brucelino,2
scooterbeanbag,2
fitzcurtain,2
priceless,2
drape,2
zz,2
awn,2
appreci,2
xxx,2
tomar,2
geektom,2
lock,2
sgirlproblem,2
secret,2
yk,2
emuuxotj,2
awesom,2
doesnt,2
knock,2
roll,2
pheebi,2
comia,2
glenn,2
zuruyito,2
hahah,2
hahaa,2
awkwardli,2
far,2
leah,2
leav,2
tough,2
nah,2
hueheuhuehu,2
igual,2
dvpl,2
build,2
boyfriend,2
thingi,2
competitividad,2
hire,2
appli,2
cocina,2
omfg,2
feito,2
ahora,2
marcel,2
wtf,2
chama,2
china,2
mouth,2
goober,2
child,2
verr,2
chang,2
pacei,2
mile,2
lineup,2
random,2
upset,2
minu,2
noch,2
passando,2
reallov,2
egg,2
skin,2
realis,2
mara,2
wom,2
won,2
caylacruc,2
eeyor,2
nio,2
kingkbigkb,2
parent,2
apart,2
rosss,2
teamstyl,2
loooooooooool,2
web,2
argu,2
doctor,2
close,2
cutestthingev,2
emni,2
sale,2
todav,2
marvin,2
aren,2
sorprendo,2
escucho,2
flirt,2
import,2
surreal,2
third,2
talent,2
quiero,2
martian,2
annul,2
blacklight,2
pobr,2
riss,2
bushtheatr,2
decirl,2
involv,2
price,2
alicekldainti,2
stupidgirl,2
joatemyheart,2
alweer,2
invit,2
tudo,2
levanta,2
bruis,2
cancion,2
frm,2
rewatch,2
jenna,2
ook,2
angri,2
oop,2
rerun,2
snowwwwwyi,2
cachondo,2
bennyndi,2
welcom,2
uuuuuuup,2
york,2
dude,2
clau,2
npnoseticket,2
scottdkessl,2
sempr,2
alex,2
bird,2
bink,2
hook,2
alik,2
code,2
orbit,2
dar,2
prefer,2
stegosauru,2
creek,2
kbxxjrmt,2
hora,2
cud,2
lampasa,2
vizinho,2
loooool,2
http,2
aschoff,2
home,2
accident,2
revoir,2
marrym,2
alon,2
honest,2
cpymk,2
baum,2
cooper,2
batman,2
cyberm,2
polic,2
chocol,2
heett,2
fourteen,2
pivoooooot,2
swear,2
professor,2
bachelor,2
vaporsgk,2
exemplo,2
souul,2
cont,2
comm,2
nineteen,2
primera,2
jensen,2
courtneyrene,2
robin,2
ficando,2
levant,2
quem,2
casal,2
person,2
choux,2
extra,2
huge,2
preferido,2
pose,2
sell,2
baseada,2
liamyat,2
return,2
radio,2
mrrizzl,2
ameeei,2
trap,2
omgggxkshxkb,2
allierashi,2
uhh,2
christma,2
sleev,2
bikman,2
quando,2
learn,2
wrongnameatthealtar,2
womvega,2
acepto,2
stonesandmoos,2
edg,2
bouncethatash,2
mel,2
palaeontologist,2
street,2
ticket,2
baila,2
luv,2
petit,2
absolut,2
typ,2
karen,2
british,2
fraud,2
jamiealexgellah,2
flat,2
moneygang,2
thisisdahol,2
late,2
graviti,2
father,2
santa,2
theabiroad,2
hotel,2
baltmoresun,2
nickatnit,2
trf,2
content,2
brilliant,2
older,2
confirm,2
pelo,2
student,2
otra,2
lembrei,2
tow,2
marikapratt,2
dontcuffif,2
cena,2
gettogetheralreadi,2
booth,2
smell,2
vivan,2
contest,2
king,2
downtown,2
mil,2
sheldon,2
tabl,2
ted,2
faggot,2
ter,2
dit,2
origin,2
dinosaurio,2
diga,3
told,3
qualiti,3
virgo,3
red,3
dijo,3
kissbambi,3
rap,3
freak,3
rock,3
job,3
toda,3
loner,3
emyliarosnaida,3
ria,3
cheat,3
rss,3
caso,3
indignado,3
sad,3
triosinolvid,3
prom,3
cheer,3
newyorkhabitat,3
hacen,3
sofa,3
bonita,3
chri,3
check,3
flipando,3
explain,3
sie,3
keyboard,3
girlfriend,3
sit,3
stupid,3
hudson,3
vick,3
wake,3
xstrologi,3
concert,3
rossel,3
remov,3
soo,3
earlier,3
soi,3
doubl,3
suck,3
sirrr,3
sospeci,3
soooo,3
homeworkbreak,3
tah,3
brodyomnivers,3
figur,3
visto,3
bright,3
bit,3
bio,3
sick,3
han,3
fridai,3
tvfriendsquot,3
paleontologi,3
there,3
anamariafigu,3
canto,3
teen,3
bad,3
empezado,3
consumm,3
apacherelai,3
hip,3
spoon,3
bed,3
meant,3
dinner,3
complet,3
week,3
rosstoph,3
bmari,3
pra,3
jajajajaja,3
pue,3
twice,3
brandon,3
ridicul,3
juli,3
exist,3
agre,3
store,3
ha,3
sheemahasanat,3
ahh,3
dl,3
ago,3
lego,3
dear,3
long,3
retweet,3
rossnelson,3
mi,3
mo,3
cousin,3
morn,3
ks,3
justcindeh,3
hr,3
crie,3
defo,3
local,3
bincleanout,3
serious,3
personaj,3
hop,3
vi,3
hoe,3
aww,3
front,3
rutina,3
reunion,3
qe,3
accord,3
page,3
brutal,3
art,3
pack,3
ihiphop,3
truelovedoesexisttt,3
thelaston,3
nois,3
fav,3
natasha,3
cuenta,3
tengo,3
rachelwednesdai,3
thatwonderfulmomentwhen,3
myyyyi,3
jeezi,3
encanta,3
podido,3
liter,3
dress,3
apreciar,3
trouser,3
rate,3
reacci,3
richard,3
chase,3
alter,3
nuh,3
high,3
milk,3
jaro,3
eno,3
rinjojo,3
piiivottt,3
mark,3
mari,3
hoffman,3
wow,3
tvspoileralert,3
vega,3
pictur,3
throw,3
wit,3
central,3
heard,3
similar,3
foreveralon,3
cheerlead,3
risa,3
renchieveracruz,3
youmightbestupidif,3
catriona,3
wont,3
face,3
nunca,3
factor,3
oldtvisthebesttv,3
hace,3
habr,3
imit,3
yolo,3
suppos,3
fall,3
letter,3
allow,3
voi,3
rico,3
channel,3
akashelli,3
aula,3
yella,3
bing,3
creepi,3
codi,3
van,3
velociraptor,3
cocoho,3
photo,3
siempr,3
carri,3
hold,3
marriag,3
loyal,3
shout,3
cool,3
drunk,3
lunch,3
hahahahahahahaha,3
sandribulario,3
insan,3
uno,3
prison,3
porn,3
lil,3
challeng,3
pivott,3
sleep,3
least,3
eek,3
surpris,3
ident,3
gent,3
mabelhood,3
raazmk,3
lembrou,3
sexual,3
human,3
moe,3
matthew,3
jaajajajaaaajajaja,3
comedycentraluk,3
dark,3
toi,3
catch,3
land,3
jajajajajaja,3
hahahahahahaha,3
enemi,3
version,3
mutual,3
casamiento,3
lack,3
crowd,3
tho,3
justin,3
piss,4
bestoffriendstv,4
esta,4
took,4
vikram,4
isn,4
liam,4
jordanleepatton,4
lili,4
line,4
espaci,4
walk,4
sex,4
mother,4
worst,4
happen,4
engul,4
bring,4
teria,4
big,4
sido,4
crack,4
lookatmeg,4
gossip,4
star,4
bet,4
blond,4
nick,4
sorpr,4
casamento,4
bye,4
jajajaja,4
mona,4
he,4
saga,4
di,4
left,4
dr,4
ew,4
ey,4
eh,4
er,4
situat,4
dead,4
ang,4
ama,4
on,4
movi,4
dond,4
lost,4
knew,4
para,4
part,4
hug,4
half,4
bathroom,4
qf,4
stranger,4
point,4
greenwhich,4
folk,4
bought,4
touch,4
distanc,4
theonewith,4
fat,4
appar,4
nbc,4
note,4
club,4
hindi,4
punch,4
nyc,4
gbamest,4
era,4
mayb,4
esa,4
nanni,4
moderno,4
dream,4
ehh,4
fduuklp,4
chuck,4
barnei,4
vece,4
heart,4
gai,4
tokyo,4
susan,4
happyend,4
condon,4
marathon,4
duck,4
wors,4
linda,4
veo,4
hous,4
algo,4
tank,4
racheal,4
webtherapi,4
reason,4
hoje,4
short,4
famili,4
cxr,4
cosa,4
blair,4
casar,4
uma,4
una,4
tien,4
ugh,4
convers,4
lie,4
chynnsavannah,4
lololol,4
ador,4
true,4
bitchimth,4
frase,4
mom,4
clareamento,4
guai,4
daybreak,4
chelseafurda,4
awkward,4
damn,4
record,4
epic,4
del,4
captaintweet,4
tea,4
woman,4
summer,4
cutest,5
twin,5
cada,5
space,5
amazon,5
drink,5
famou,5
run,5
world,5
care,5
casa,5
hear,5
menefe,5
group,5
black,5
boda,5
son,5
childhood,5
stuff,5
wrong,5
turn,5
accent,5
diadelosparecidosrazon,5
class,5
nake,5
pet,5
whole,5
shanefilan,5
fajita,5
goe,5
remix,5
momento,5
estoi,5
evolu,5
mauric,5
sing,5
lool,5
aquel,5
maximum,5
color,5
muito,5
door,5
move,5
dont,5
mr,5
lose,5
smart,5
photoset,5
hot,5
keep,5
te,5
sa,5
contact,5
speak,5
dient,5
hist,5
warner,5
room,5
glow,5
produc,5
chist,5
jaja,5
mano,5
lesbian,5
profes,5
mike,5
ring,5
comida,5
pressur,5
next,5
geniu,5
fail,5
cowboi,5
refer,5
ver,5
dat,5
historia,5
holm,5
okai,5
usa,5
english,5
everytim,5
let,5
mee,5
igbo,5
ubago,5
weird,5
amor,5
beauti,5
schemin,5
list,5
tri,5
try,5
lang,5
joke,6
help,6
thought,6
here,6
came,6
wait,6
sin,6
set,6
vida,6
sexi,6
bleach,6
studi,6
fight,6
feed,6
didn,6
boi,6
final,6
routin,6
nice,6
breast,6
be,6
aw,6
al,6
nw,6
ok,6
ko,6
divorc,6
hmm,6
ta,6
ass,6
guess,6
faz,6
johnni,6
matt,6
annoi,6
male,6
especi,6
breed,6
found,6
hair,6
rain,6
lugar,6
onc,6
perfect,6
embarazada,6
fave,6
kati,6
band,6
dad,6
carol,6
sound,6
cri,6
lex,6
pero,6
danc,6
lmfao,6
juliatruong,6
meet,7
hahahaha,7
scene,7
pido,7
kid,7
mejor,7
orangotag,7
comedi,7
dice,7
pretti,7
sport,7
couch,7
doesn,7
dinosaur,7
eu,7
fc,7
peopl,7
rememb,7
excit,7
jajaja,7
start,7
lobster,7
assisti,7
jokelam,7
wai,7
london,7
definit,7
fake,7
fine,7
twitter,7
monkei,7
eat,7
disappoint,7
moj,7
amaz,7
suggest,8
sure,8
deeper,8
facebook,8
episodio,8
sun,8
ben,8
gonna,8
leather,8
wear,8
put,8
entertain,8
priest,8
friendsquot,8
ma,8
hi,8
tdude,8
ur,8
um,8
shut,8
shit,8
xx,8
year,8
mine,8
total,8
villag,8
well,8
tulo,8
hope,8
talk,8
mai,8
capitulo,8
wanna,8
kind,8
die,8
hello,9
saw,9
call,9
feel,9
funniest,9
hei,9
por,9
sorri,9
actual,9
at,9
ah,9
ayer,9
bitch,9
give,9
nigga,9
su,9
dent,9
pant,9
phoebebuffai,9
watchin,9
rare,9
wonder,9
yeah,9
wed,9
paleontologist,9
emma,9
azul,9
wife,9
sister,9
met,9
sprai,9
dig,9
laugh,10
felliphealmeida,10
schwimmer,10
russ,10
youtub,10
cap,10
bui,10
plane,10
xd,10
tu,10
gellar,10
drake,10
hate,10
ya,10
made,10
fan,10
classic,10
epi,10
realiz,10
green,10
babi,10
gabynr,10
relationship,10
commentari,11
ll,11
na,11
hard,11
unagi,11
ess,11
todai,11
onli,11
work,11
word,11
video,11
dan,11
great,11
duplasinolvid,11
cry,11
whiten,11
last,11
live,11
david,11
wtrx,12
go,12
np,12
ask,12
littl,12
moment,12
seen,12
sweet,12
seriado,12
tempo,12
dio,12
super,13
brother,13
voic,13
stai,13
iquot,13
nica,13
alumni,13
parec,13
zurullito,13
favorit,13
va,13
lmao,13
suprem,13
websit,13
highschool,13
happi,13
went,13
find,13
tienen,13
todo,14
cielo,14
stori,14
da,14
amo,14
os,14
le,14
right,14
loneli,14
end,14
miss,14
sushi,14
vez,14
thank,14
quotinfriend,14
como,14
diana,14
see,15
white,15
wish,15
music,15
god,15
coupl,15
old,15
kill,15
remind,16
real,16
im,16
spend,16
getglu,16
cute,16
season,16
realfriendsdont,16
top,16
pivot,17
mean,17
am,17
rachael,17
melhor,17
fuck,18
hilari,18
bo,18
qu,18
still,18
mfe,18
sandwich,19
ep,19
place,19
ye,19
yo,19
make,19
est,19
need,19
back,19
come,19
date,19
igetthatalot,20
favourit,20
tell,20
night,20
nova,20
rach,20
share,20
rie,21
name,21
marri,21
first,21
man,21
charact,21
girl,22
con,22
geller,23
vault,23
motorcycl,23
don,23
hahaha,24
plai,24
arnold,24
kudrow,24
kevin,24
lisa,24
life,25
seri,25
tan,25
tv,25
cuando,25
dai,25
vai,25
ride,26
aparec,26
break,27
kiss,27
gui,28
show,28
ve,29
un,29
haha,29
com,29
now,30
new,31
take,31
em,32
funni,33
omg,33
se,37
quot,40
teeth,42
si,43
can,44
think,44
es,45
emili,45
time,45
want,46
look,46
lt,46
rick,47
sai,52
know,53
lol,55
lo,60
el,61
best,63
en,72
gt,83
la,95
watch,96
phoeb,130
monica,146
episod,154
love,157
like,181
chandler,182
joei,183
de,257
rachel,382
friend,1556
ross,1574

